customer_id,logins_last_30_days,reports_generated,api_calls
CUST_00001,33,13,816
CUST_00002,20,1,823
CUST_00003,42,9,89
CUST_00004,2,0,143
CUST_00005,42,13,44995
CUST_00006,2,0,620
CUST_00007,0,1,863
CUST_00008,33,10,203
CUST_00009,21,4,555
CUST_00010,3,1,519
CUST_00011,10,7,391
CUST_00012,2,1,300
CUST_00013,12,1,906
CUST_00014,36,11,504
CUST_00015,2,0,864
CUST_00016,13,9,152
CUST_00017,27,2,528
CUST_00018,3,0,990
CUST_00019,4,1,338
CUST_00020,25,8,748
CUST_00021,5,6,511
CUST_00022,6,7,950
CUST_00023,44,2,334
CUST_00024,15,4,508
CUST_00025,41,14,55
CUST_00026,22,4,555
CUST_00027,4,1,820
CUST_00028,28,13,752
CUST_00029,23,2,47682
CUST_00030,2,1,6375
CUST_00031,2,1,129
CUST_00032,2,1,19610
CUST_00033,6,8,792
CUST_00034,21,11,421
CUST_00035,49,14,963
CUST_00036,15,1,79
CUST_00037,41,13,287
CUST_00038,17,8,846
CUST_00039,33,14,745
CUST_00040,36,11,845
CUST_00041,49,9,168
CUST_00042,44,8,78
CUST_00043,2,1,70
CUST_00044,12,10,262
CUST_00045,14,1,47661
CUST_00046,29,8,722
CUST_00047,15,12,529
CUST_00048,32,5,784
CUST_00049,37,9,209
CUST_00050,3,0,978
CUST_00051,30,9,116
CUST_00052,12,6,615
CUST_00053,1,0,76
CUST_00054,30,12,314
CUST_00055,36,7,10
CUST_00056,32,3,892
CUST_00057,3,0,50
CUST_00058,39,8,6
CUST_00059,6,5,922
CUST_00060,26,5,954
CUST_00061,26,14,548
CUST_00062,7,4,260
CUST_00063,49,3,573
CUST_00064,12,12,511
CUST_00065,8,8,199
CUST_00066,19,11,329
CUST_00067,48,6,996
CUST_00068,2,1,89
CUST_00069,16,6,590
CUST_00070,33,2,54
CUST_00071,13,4,911
CUST_00072,46,5,220
CUST_00073,44,11,91
CUST_00074,1,1,19921
CUST_00075,38,5,55
CUST_00076,0,1,743
CUST_00077,2,1,178
CUST_00078,27,5,963
CUST_00079,22,5,941
CUST_00080,28,2,60
CUST_00081,1,1,871
CUST_00082,33,3,116
CUST_00083,4,0,589
CUST_00084,42,5,19549
CUST_00085,17,9,32
CUST_00086,3,1,566
CUST_00087,23,2,242
CUST_00088,21,9,785
CUST_00089,6,3,907
CUST_00090,22,13,73
CUST_00091,43,12,20
CUST_00092,31,7,864
CUST_00093,18,12,973
CUST_00094,19,14,49201
CUST_00095,12,1,153
CUST_00096,13,1,253
CUST_00097,4,1,206
CUST_00098,47,9,148
CUST_00099,39,3,917
CUST_00100,3,0,5400
CUST_00101,0,1,301
CUST_00102,12,3,26344
CUST_00103,39,6,490
CUST_00104,22,7,772
CUST_00105,18,5,43
CUST_00106,0,0,143
CUST_00107,1,0,243
CUST_00108,1,0,418
CUST_00109,48,5,516
CUST_00110,6,1,61
CUST_00111,1,0,857
CUST_00112,17,9,537
CUST_00113,18,3,316
CUST_00114,1,0,434
CUST_00115,45,3,836
CUST_00116,13,7,695
CUST_00117,31,12,817
CUST_00118,24,11,380
CUST_00119,42,12,35
CUST_00120,16,10,919
CUST_00121,46,8,974
CUST_00122,26,2,541
CUST_00123,41,14,580
CUST_00124,43,13,29979
CUST_00125,3,1,687
CUST_00126,17,11,789
CUST_00127,5,5,32
CUST_00128,42,9,580
CUST_00129,3,1,351
CUST_00130,13,1,254
CUST_00131,43,1,49385
CUST_00132,2,0,22
CUST_00133,33,9,253
CUST_00134,44,1,393
CUST_00135,34,3,675
CUST_00136,6,13,881
CUST_00137,22,5,272
CUST_00138,32,4,692
CUST_00139,36,1,858
CUST_00140,28,10,249
CUST_00141,42,4,236
CUST_00142,18,4,903
CUST_00143,29,11,10747
CUST_00144,29,12,427
CUST_00145,4,1,956
CUST_00146,0,0,633
CUST_00147,0,1,241
CUST_00148,35,3,133
CUST_00149,3,0,70
CUST_00150,39,1,857
CUST_00151,4,0,464
CUST_00152,37,1,420
CUST_00153,37,14,11341
CUST_00154,31,4,278
CUST_00155,37,5,218
CUST_00156,3,1,696
CUST_00157,1,1,306
CUST_00158,3,0,999
CUST_00159,48,2,313
CUST_00160,19,11,402
CUST_00161,33,3,922
CUST_00162,1,1,728
CUST_00163,36,10,487
CUST_00164,0,0,792
CUST_00165,34,6,404
CUST_00166,46,12,378
CUST_00167,0,1,280
CUST_00168,42,2,4044
CUST_00169,46,9,690
CUST_00170,16,12,326
CUST_00171,2,1,34
CUST_00172,19,2,69
CUST_00173,14,3,359
CUST_00174,26,9,689
CUST_00175,27,14,910
CUST_00176,15,6,407
CUST_00177,20,11,560
CUST_00178,0,1,579
CUST_00179,0,0,518
CUST_00180,10,12,605
CUST_00181,3,1,14024
CUST_00182,21,5,80
CUST_00183,35,7,437
CUST_00184,46,11,249
CUST_00185,14,4,37
CUST_00186,24,10,861
CUST_00187,13,10,44
CUST_00188,3,1,358
CUST_00189,43,7,136
CUST_00190,4,1,822
CUST_00191,8,10,978
CUST_00192,28,1,819
CUST_00193,22,6,460
CUST_00194,15,13,366
CUST_00195,1,1,18349
CUST_00196,30,11,228
CUST_00197,12,11,182
CUST_00198,1,1,466
CUST_00199,3,0,837
CUST_00200,6,11,31432
CUST_00201,9,8,974
CUST_00202,39,3,622
CUST_00203,36,9,898
CUST_00204,4,0,67
CUST_00205,23,14,868
CUST_00206,43,6,549
CUST_00207,8,1,709
CUST_00208,27,11,304
CUST_00209,0,0,603
CUST_00210,30,10,775
CUST_00211,30,3,754
CUST_00212,2,0,627
CUST_00213,36,5,94
CUST_00214,37,13,724
CUST_00215,48,1,245
CUST_00216,30,14,684
CUST_00217,28,4,796
CUST_00218,27,5,14521
CUST_00219,42,4,8292
CUST_00220,1,0,279
CUST_00221,49,10,660
CUST_00222,35,7,368
CUST_00223,10,8,278
CUST_00224,3,1,350
CUST_00225,35,8,225
CUST_00226,1,1,923
CUST_00227,49,13,927
CUST_00228,2,0,405
CUST_00229,16,10,445
CUST_00230,0,1,40616
CUST_00231,30,7,629
CUST_00232,7,14,72
CUST_00233,19,9,517
CUST_00234,42,13,320
CUST_00235,28,10,21
CUST_00236,4,1,178
CUST_00237,2,0,707
CUST_00238,40,4,108
CUST_00239,48,12,371
CUST_00240,31,14,696
CUST_00241,3,0,455
CUST_00242,1,0,566
CUST_00243,1,0,228
CUST_00244,20,7,937
CUST_00245,3,1,947
CUST_00246,1,1,956
CUST_00247,48,9,530
CUST_00248,5,12,363
CUST_00249,31,6,896
CUST_00250,13,2,424
CUST_00251,11,11,958
CUST_00252,9,10,215
CUST_00253,34,10,47
CUST_00254,46,2,464
CUST_00255,31,10,671
CUST_00256,14,1,945
CUST_00257,2,0,909
CUST_00258,22,4,272
CUST_00259,11,10,607
CUST_00260,35,11,992
CUST_00261,0,0,29
CUST_00262,2,1,632
CUST_00263,15,10,36010
CUST_00264,3,0,946
CUST_00265,26,9,865
CUST_00266,4,0,17511
CUST_00267,45,11,189
CUST_00268,18,9,151
CUST_00269,7,1,375
CUST_00270,28,14,254
CUST_00271,18,7,702
CUST_00272,20,6,653
CUST_00273,3,0,757
CUST_00274,39,2,33
CUST_00275,44,1,186
CUST_00276,6,10,878
CUST_00277,38,8,448
CUST_00278,22,8,10192
CUST_00279,11,2,672
CUST_00280,42,4,875
CUST_00281,46,13,13671
CUST_00282,11,13,622
CUST_00283,8,4,57
CUST_00284,47,2,17
CUST_00285,20,11,878
CUST_00286,4,1,870
CUST_00287,24,12,139
CUST_00288,35,14,457
CUST_00289,1,0,705
CUST_00290,26,4,48004
CUST_00291,2,1,965
CUST_00292,22,5,38307
CUST_00293,36,10,33057
CUST_00294,2,0,795
CUST_00295,4,1,119
CUST_00296,42,8,890
CUST_00297,48,4,2393
CUST_00298,1,1,2
CUST_00299,37,11,943
CUST_00300,31,1,228
CUST_00301,3,0,228
CUST_00302,47,4,4597
CUST_00303,2,1,342
CUST_00304,35,14,140
CUST_00305,1,1,56
CUST_00306,1,0,215
CUST_00307,42,6,4880
CUST_00308,44,10,113
CUST_00309,26,3,22248
CUST_00310,0,1,754
CUST_00311,2,0,293
CUST_00312,14,14,826
CUST_00313,14,10,47297
CUST_00314,0,0,33700
CUST_00315,14,1,595
CUST_00316,40,2,858
CUST_00317,0,1,320
CUST_00318,3,1,841
CUST_00319,4,1,713
CUST_00320,23,10,572
CUST_00321,47,6,40013
CUST_00322,27,6,757
CUST_00323,8,3,512
CUST_00324,3,0,927
CUST_00325,28,10,754
CUST_00326,17,9,44418
CUST_00327,8,4,746
CUST_00328,31,9,410
CUST_00329,0,1,44639
CUST_00330,0,0,16
CUST_00331,4,1,923
CUST_00332,30,3,600
CUST_00333,38,8,51
CUST_00334,2,1,369
CUST_00335,0,1,163
CUST_00336,5,8,302
CUST_00337,12,3,449
CUST_00338,14,1,927
CUST_00339,2,0,543
CUST_00340,29,4,709
CUST_00341,1,0,501
CUST_00342,2,1,350
CUST_00343,7,3,378
CUST_00344,43,5,438
CUST_00345,2,1,200
CUST_00346,2,1,106
CUST_00347,12,13,504
CUST_00348,5,3,383
CUST_00349,9,5,5892
CUST_00350,31,11,856
CUST_00351,2,1,295
CUST_00352,0,0,27
CUST_00353,2,1,336
CUST_00354,30,2,286
CUST_00355,15,3,42569
CUST_00356,2,1,342
CUST_00357,45,9,35326
CUST_00358,0,1,665
CUST_00359,4,1,39025
CUST_00360,30,6,486
CUST_00361,16,4,618
CUST_00362,1,1,250
CUST_00363,2,0,362
CUST_00364,27,13,106
CUST_00365,46,10,505
CUST_00366,9,10,441
CUST_00367,13,13,116
CUST_00368,2,1,244
CUST_00369,1,1,78
CUST_00370,4,1,12261
CUST_00371,40,11,485
CUST_00372,14,14,22
CUST_00373,41,4,196
CUST_00374,1,0,360
CUST_00375,42,12,40534
CUST_00376,2,1,426
CUST_00377,3,1,216
CUST_00378,2,1,989
CUST_00379,1,1,758
CUST_00380,3,1,665
CUST_00381,24,3,38401
CUST_00382,0,1,627
CUST_00383,45,12,195
CUST_00384,9,1,566
CUST_00385,40,4,686
CUST_00386,2,0,25211
CUST_00387,21,14,442
CUST_00388,30,14,996
CUST_00389,2,1,458
CUST_00390,4,1,458
CUST_00391,4,0,483
CUST_00392,37,1,143
CUST_00393,34,14,313
CUST_00394,20,13,27150
CUST_00395,11,12,728
CUST_00396,34,3,256
CUST_00397,3,0,638
CUST_00398,16,14,473
CUST_00399,47,3,684
CUST_00400,44,11,605
CUST_00401,5,6,18736
CUST_00402,7,4,4734
CUST_00403,12,4,218
CUST_00404,0,1,563
CUST_00405,44,12,530
CUST_00406,15,10,357
CUST_00407,25,13,236
CUST_00408,9,12,682
CUST_00409,44,11,274
CUST_00410,30,4,806
CUST_00411,25,1,875
CUST_00412,13,5,671
CUST_00413,21,13,751
CUST_00414,41,3,10096
CUST_00415,6,13,35994
CUST_00416,44,10,558
CUST_00417,32,5,396
CUST_00418,31,14,73
CUST_00419,44,3,977
CUST_00420,5,5,675
CUST_00421,15,4,981
CUST_00422,43,9,709
CUST_00423,22,14,922
CUST_00424,3,1,327
CUST_00425,2,0,12671
CUST_00426,0,0,147
CUST_00427,2,1,85
CUST_00428,3,1,520
CUST_00429,0,1,502
CUST_00430,18,1,764
CUST_00431,24,1,231
CUST_00432,13,9,887
CUST_00433,1,0,497
CUST_00434,2,0,422
CUST_00435,8,4,466
CUST_00436,2,0,246
CUST_00437,22,5,369
CUST_00438,35,9,512
CUST_00439,43,3,778
CUST_00440,14,3,104
CUST_00441,13,12,233
CUST_00442,0,0,10899
CUST_00443,0,1,4455
CUST_00444,17,7,474
CUST_00445,22,2,592
CUST_00446,2,1,634
CUST_00447,12,7,17964
CUST_00448,27,1,818
CUST_00449,9,1,272
CUST_00450,11,8,870
CUST_00451,19,6,758
CUST_00452,7,2,874
CUST_00453,1,0,12876
CUST_00454,42,10,193
CUST_00455,30,1,111
CUST_00456,42,3,22
CUST_00457,2,0,936
CUST_00458,0,0,893
CUST_00459,21,13,314
CUST_00460,47,5,201
CUST_00461,6,11,500
CUST_00462,29,10,617
CUST_00463,45,3,605
CUST_00464,23,13,994
CUST_00465,42,14,9471
CUST_00466,2,0,656
CUST_00467,43,12,507
CUST_00468,3,0,365
CUST_00469,3,0,530
CUST_00470,2,0,721
CUST_00471,1,1,593
CUST_00472,14,4,45
CUST_00473,2,1,34
CUST_00474,30,11,201
CUST_00475,31,13,534
CUST_00476,5,9,364
CUST_00477,0,0,469
CUST_00478,1,1,299
CUST_00479,29,9,776
CUST_00480,14,11,415
CUST_00481,5,14,345
CUST_00482,0,0,348
CUST_00483,15,1,698
CUST_00484,8,12,809
CUST_00485,39,6,189
CUST_00486,17,11,402
CUST_00487,3,0,751
CUST_00488,19,6,348
CUST_00489,14,10,372
CUST_00490,42,3,638
CUST_00491,15,14,504
CUST_00492,36,3,290
CUST_00493,37,10,971
CUST_00494,0,1,6701
CUST_00495,40,7,17964
CUST_00496,3,0,30093
CUST_00497,14,6,110
CUST_00498,1,0,554
CUST_00499,33,2,502
CUST_00500,5,13,300
CUST_00501,25,11,645
CUST_00502,19,12,12
CUST_00503,4,1,11487
CUST_00504,37,6,101
CUST_00505,42,5,965
CUST_00506,23,9,196
CUST_00507,3,1,390
CUST_00508,16,7,54
CUST_00509,4,0,182
CUST_00510,2,0,18
CUST_00511,21,10,362
CUST_00512,10,6,3119
CUST_00513,16,11,472
CUST_00514,3,0,8
CUST_00515,21,3,659
CUST_00516,1,1,24
CUST_00517,18,9,305
CUST_00518,6,11,583
CUST_00519,8,14,433
CUST_00520,6,14,7546
CUST_00521,3,0,421
CUST_00522,44,2,833
CUST_00523,37,1,56
CUST_00524,43,10,533
CUST_00525,10,10,823
CUST_00526,2,1,547
CUST_00527,26,9,178
CUST_00528,31,7,15220
CUST_00529,4,1,495
CUST_00530,3,1,0
CUST_00531,10,11,47
CUST_00532,30,1,416
CUST_00533,46,4,663
CUST_00534,0,1,944
CUST_00535,7,13,196
CUST_00536,10,3,569
CUST_00537,14,11,47
CUST_00538,42,7,952
CUST_00539,3,1,959
CUST_00540,42,9,354
CUST_00541,16,11,233
CUST_00542,1,1,21618
CUST_00543,12,11,699
CUST_00544,9,6,893
CUST_00545,40,10,40577
CUST_00546,42,2,36945
CUST_00547,47,3,368
CUST_00548,34,4,938
CUST_00549,41,6,168
CUST_00550,33,11,362
CUST_00551,26,1,921
CUST_00552,2,0,954
CUST_00553,14,4,872
CUST_00554,15,8,176
CUST_00555,39,9,499
CUST_00556,27,8,703
CUST_00557,12,8,132
CUST_00558,25,13,171
CUST_00559,41,13,529
CUST_00560,32,2,762
CUST_00561,35,14,440
CUST_00562,32,10,984
CUST_00563,46,2,111
CUST_00564,31,6,39
CUST_00565,1,0,101
CUST_00566,25,6,368
CUST_00567,13,9,173
CUST_00568,33,12,825
CUST_00569,19,10,340
CUST_00570,4,0,919
CUST_00571,41,5,923
CUST_00572,1,0,17452
CUST_00573,32,7,195
CUST_00574,14,8,583
CUST_00575,27,11,4018
CUST_00576,32,12,752
CUST_00577,38,1,800
CUST_00578,9,10,322
CUST_00579,22,11,112
CUST_00580,10,11,851
CUST_00581,4,0,674
CUST_00582,27,4,550
CUST_00583,32,5,234
CUST_00584,45,13,504
CUST_00585,17,2,942
CUST_00586,0,1,70
CUST_00587,0,0,218
CUST_00588,6,9,516
CUST_00589,20,1,752
CUST_00590,6,3,164
CUST_00591,40,4,512
CUST_00592,6,9,41585
CUST_00593,42,2,380
CUST_00594,2,0,183
CUST_00595,1,1,902
CUST_00596,31,12,368
CUST_00597,4,0,447
CUST_00598,25,4,7
CUST_00599,16,5,619
CUST_00600,47,12,381
CUST_00601,1,0,381
CUST_00602,2,0,989
CUST_00603,26,10,1131
CUST_00604,4,0,696
CUST_00605,48,12,795
CUST_00606,22,7,153
CUST_00607,48,8,33
CUST_00608,6,8,496
CUST_00609,33,14,863
CUST_00610,1,0,21
CUST_00611,35,3,379
CUST_00612,45,2,147
CUST_00613,22,6,909
CUST_00614,1,0,6494
CUST_00615,12,1,12563
CUST_00616,37,12,914
CUST_00617,9,9,589
CUST_00618,1,0,743
CUST_00619,17,8,550
CUST_00620,15,7,676
CUST_00621,4,0,98
CUST_00622,4,0,640
CUST_00623,49,7,530
CUST_00624,2,1,270
CUST_00625,0,1,984
CUST_00626,34,2,0
CUST_00627,20,7,286
CUST_00628,49,5,996
CUST_00629,3,0,179
CUST_00630,22,1,938
CUST_00631,46,9,255
CUST_00632,27,11,173
CUST_00633,40,8,853
CUST_00634,42,2,49
CUST_00635,12,2,531
CUST_00636,43,3,9924
CUST_00637,1,0,189
CUST_00638,16,9,750
CUST_00639,22,12,42
CUST_00640,23,6,516
CUST_00641,40,3,974
CUST_00642,4,0,759
CUST_00643,9,8,65
CUST_00644,43,6,395
CUST_00645,32,8,250
CUST_00646,30,10,127
CUST_00647,47,12,696
CUST_00648,25,2,187
CUST_00649,2,1,182
CUST_00650,25,11,582
CUST_00651,15,5,577
CUST_00652,4,0,967
CUST_00653,43,14,840
CUST_00654,2,1,761
CUST_00655,1,0,666
CUST_00656,31,4,411
CUST_00657,5,3,46440
CUST_00658,4,0,78
CUST_00659,20,9,18
CUST_00660,2,0,477
CUST_00661,22,7,946
CUST_00662,45,7,780
CUST_00663,38,6,44
CUST_00664,48,9,36176
CUST_00665,29,3,221
CUST_00666,46,14,128
CUST_00667,38,1,617
CUST_00668,19,7,762
CUST_00669,8,9,632
CUST_00670,8,6,229
CUST_00671,29,10,792
CUST_00672,45,2,226
CUST_00673,1,0,921
CUST_00674,46,8,396
CUST_00675,29,9,274
CUST_00676,0,1,137
CUST_00677,39,8,172
CUST_00678,13,9,326
CUST_00679,18,1,782
CUST_00680,0,0,214
CUST_00681,13,3,227
CUST_00682,4,0,106
CUST_00683,3,0,158
CUST_00684,41,3,4444
CUST_00685,1,0,135
CUST_00686,19,10,762
CUST_00687,40,1,29
CUST_00688,18,3,97
CUST_00689,1,0,608
CUST_00690,43,9,768
CUST_00691,40,14,783
CUST_00692,4,1,881
CUST_00693,21,11,522
CUST_00694,30,2,922
CUST_00695,45,1,341
CUST_00696,1,1,167
CUST_00697,7,7,210
CUST_00698,4,1,683
CUST_00699,45,13,837
CUST_00700,44,1,631
CUST_00701,43,13,184
CUST_00702,11,13,431
CUST_00703,40,10,423
CUST_00704,23,12,38
CUST_00705,4,1,979
CUST_00706,24,5,386
CUST_00707,0,1,27964
CUST_00708,16,14,768
CUST_00709,3,0,790
CUST_00710,34,5,741
CUST_00711,24,4,450
CUST_00712,8,3,957
CUST_00713,0,1,114
CUST_00714,1,0,929
CUST_00715,27,8,400
CUST_00716,10,7,303
CUST_00717,22,5,602
CUST_00718,2,1,308
CUST_00719,2,0,572
CUST_00720,0,0,102
CUST_00721,2,0,24274
CUST_00722,1,1,101
CUST_00723,45,2,906
CUST_00724,0,0,39673
CUST_00725,2,1,89
CUST_00726,2,0,117
CUST_00727,13,12,12087
CUST_00728,35,12,902
CUST_00729,46,8,302
CUST_00730,36,4,751
CUST_00731,47,7,647
CUST_00732,39,4,516
CUST_00733,15,13,208
CUST_00734,21,8,86
CUST_00735,40,14,961
CUST_00736,6,14,858
CUST_00737,2,1,318
CUST_00738,19,2,45838
CUST_00739,32,10,966
CUST_00740,2,1,886
CUST_00741,3,1,632
CUST_00742,49,7,23280
CUST_00743,17,6,869
CUST_00744,26,11,89
CUST_00745,35,8,477
CUST_00746,2,1,651
CUST_00747,30,6,111
CUST_00748,35,6,906
CUST_00749,0,0,13697
CUST_00750,42,12,976
CUST_00751,8,2,393
CUST_00752,39,7,886
CUST_00753,37,6,239
CUST_00754,7,1,271
CUST_00755,23,2,142
CUST_00756,13,2,953
CUST_00757,23,1,718
CUST_00758,23,3,118
CUST_00759,4,1,595
CUST_00760,17,4,899
CUST_00761,1,0,991
CUST_00762,12,2,250
CUST_00763,28,8,277
CUST_00764,2,1,162
CUST_00765,45,8,35852
CUST_00766,45,7,349
CUST_00767,7,10,5973
CUST_00768,3,1,457
CUST_00769,6,6,837
CUST_00770,37,11,90
CUST_00771,16,4,127
CUST_00772,16,5,778
CUST_00773,14,9,547
CUST_00774,45,13,969
CUST_00775,31,9,847
CUST_00776,22,4,791
CUST_00777,8,8,724
CUST_00778,2,0,508
CUST_00779,27,5,935
CUST_00780,25,9,744
CUST_00781,4,1,739
CUST_00782,34,4,880
CUST_00783,25,3,809
CUST_00784,27,7,236
CUST_00785,25,14,982
CUST_00786,12,2,532
CUST_00787,43,3,607
CUST_00788,3,1,976
CUST_00789,4,0,50
CUST_00790,4,1,848
CUST_00791,11,6,822
CUST_00792,28,14,28073
CUST_00793,9,3,891
CUST_00794,30,12,387
CUST_00795,1,1,61
CUST_00796,15,6,342
CUST_00797,4,1,152
CUST_00798,42,5,735
CUST_00799,15,10,965
CUST_00800,34,4,653
CUST_00801,8,12,40
CUST_00802,6,7,485
CUST_00803,0,1,37755
CUST_00804,43,10,677
CUST_00805,21,7,701
CUST_00806,27,4,808
CUST_00807,2,1,556
CUST_00808,14,4,719
CUST_00809,3,0,381
CUST_00810,46,4,95
CUST_00811,43,4,911
CUST_00812,0,1,1620
CUST_00813,33,5,292
CUST_00814,20,1,234
CUST_00815,7,2,340
CUST_00816,40,8,718
CUST_00817,8,8,956
CUST_00818,40,8,9785
CUST_00819,0,0,349
CUST_00820,3,0,871
CUST_00821,0,0,206
CUST_00822,46,14,959
CUST_00823,2,1,490
CUST_00824,40,4,24687
CUST_00825,27,7,140
CUST_00826,16,5,858
CUST_00827,46,11,598
CUST_00828,35,10,929
CUST_00829,16,1,890
CUST_00830,2,1,609
CUST_00831,29,4,22
CUST_00832,1,1,761
CUST_00833,23,2,363
CUST_00834,26,12,761
CUST_00835,28,12,147
CUST_00836,3,0,565
CUST_00837,40,2,31915
CUST_00838,49,5,953
CUST_00839,44,10,826
CUST_00840,20,10,915
CUST_00841,6,14,550
CUST_00842,12,8,504
CUST_00843,17,11,845
CUST_00844,4,1,217
CUST_00845,5,11,858
CUST_00846,2,1,481
CUST_00847,1,0,988
CUST_00848,3,0,415
CUST_00849,46,5,936
CUST_00850,39,7,748
CUST_00851,32,4,324
CUST_00852,16,4,835
CUST_00853,44,10,854
CUST_00854,28,4,788
CUST_00855,1,1,736
CUST_00856,21,8,488
CUST_00857,42,1,407
CUST_00858,2,1,143
CUST_00859,37,5,799
CUST_00860,28,12,210
CUST_00861,49,10,665
CUST_00862,2,0,258
CUST_00863,25,10,226
CUST_00864,49,4,998
CUST_00865,8,5,593
CUST_00866,3,0,888
CUST_00867,0,1,371
CUST_00868,40,2,390
CUST_00869,17,2,991
CUST_00870,40,14,87
CUST_00871,13,8,399
CUST_00872,0,1,308
CUST_00873,3,0,983
CUST_00874,4,1,3
CUST_00875,0,1,37941
CUST_00876,31,2,543
CUST_00877,40,6,745
CUST_00878,13,10,225
CUST_00879,47,6,14485
CUST_00880,28,2,205
CUST_00881,41,4,101
CUST_00882,3,1,57
CUST_00883,2,1,780
CUST_00884,34,14,149
CUST_00885,30,10,9955
CUST_00886,8,4,478
CUST_00887,5,13,555
CUST_00888,24,13,427
CUST_00889,32,11,541
CUST_00890,0,1,918
CUST_00891,4,0,523
CUST_00892,32,10,490
CUST_00893,32,4,5169
CUST_00894,1,0,291
CUST_00895,1,0,44
CUST_00896,34,3,199
CUST_00897,25,13,23
CUST_00898,46,13,762
CUST_00899,20,13,21375
CUST_00900,12,6,386
CUST_00901,3,1,589
CUST_00902,4,1,434
CUST_00903,29,12,241
CUST_00904,7,8,202
CUST_00905,4,0,236
CUST_00906,40,9,28369
CUST_00907,21,2,293
CUST_00908,31,8,347
CUST_00909,26,8,86
CUST_00910,49,7,209
CUST_00911,42,14,787
CUST_00912,39,13,608
CUST_00913,3,0,1
CUST_00914,7,6,998
CUST_00915,4,1,228
CUST_00916,17,2,409
CUST_00917,4,0,242
CUST_00918,30,13,769
CUST_00919,37,11,962
CUST_00920,19,4,467
CUST_00921,43,9,457
CUST_00922,45,3,553
CUST_00923,18,4,212
CUST_00924,1,0,807
CUST_00925,32,7,904
CUST_00926,28,2,385
CUST_00927,45,10,411
CUST_00928,37,12,514
CUST_00929,16,12,527
CUST_00930,14,2,387
CUST_00931,4,0,278
CUST_00932,5,14,989
CUST_00933,19,12,101
CUST_00934,5,4,588
CUST_00935,3,0,389
CUST_00936,4,0,5715
CUST_00937,3,1,566
CUST_00938,7,8,720
CUST_00939,40,7,391
CUST_00940,20,6,840
CUST_00941,33,12,353
CUST_00942,48,7,592
CUST_00943,40,13,755
CUST_00944,48,14,234
CUST_00945,4,1,113
CUST_00946,2,0,981
CUST_00947,41,2,959
CUST_00948,4,0,66
CUST_00949,16,7,808
CUST_00950,24,9,39
CUST_00951,4,0,732
CUST_00952,26,1,102
CUST_00953,36,11,410
CUST_00954,11,9,294
CUST_00955,26,3,564
CUST_00956,48,1,807
CUST_00957,6,7,563
CUST_00958,18,3,36
CUST_00959,3,0,66
CUST_00960,28,11,402
CUST_00961,2,0,673
CUST_00962,8,4,25490
CUST_00963,2,1,340
CUST_00964,45,2,833
CUST_00965,9,11,905
CUST_00966,4,1,51
CUST_00967,9,12,425
CUST_00968,1,0,955
CUST_00969,46,13,208
CUST_00970,12,10,513
CUST_00971,30,5,986
CUST_00972,14,3,640
CUST_00973,38,9,177
CUST_00974,0,1,675
CUST_00975,3,1,864
CUST_00976,2,1,21
CUST_00977,33,2,368
CUST_00978,1,1,738
CUST_00979,9,3,993
CUST_00980,2,0,81
CUST_00981,8,9,26249
CUST_00982,33,9,376
CUST_00983,2,1,2
CUST_00984,2,1,683
CUST_00985,4,1,117
CUST_00986,4,1,655
CUST_00987,13,7,25432
CUST_00988,4,0,394
CUST_00989,27,12,265
CUST_00990,7,2,434
CUST_00991,36,13,681
CUST_00992,28,5,724
CUST_00993,10,8,792
CUST_00994,17,10,5409
CUST_00995,19,10,375
CUST_00996,34,6,261
CUST_00997,16,12,365
CUST_00998,44,14,766
CUST_00999,39,12,427
CUST_01000,32,11,7
CUST_01001,8,5,929
CUST_01002,11,4,40
CUST_01003,1,0,16372
CUST_01004,20,6,256
CUST_01005,26,13,642
CUST_01006,49,11,563
CUST_01007,45,3,24573
CUST_01008,0,1,218
CUST_01009,7,1,243
CUST_01010,2,1,844
CUST_01011,35,1,938
CUST_01012,41,11,302
CUST_01013,26,4,369
CUST_01014,4,1,850
CUST_01015,1,1,6340
CUST_01016,26,4,69
CUST_01017,1,0,46
CUST_01018,24,7,116
CUST_01019,0,1,589
CUST_01020,4,0,516
CUST_01021,35,6,253
CUST_01022,47,9,831
CUST_01023,12,11,618
CUST_01024,9,10,755
CUST_01025,6,7,172
CUST_01026,0,1,959
CUST_01027,4,0,428
CUST_01028,4,1,35
CUST_01029,4,0,904
CUST_01030,3,1,406
CUST_01031,13,13,20358
CUST_01032,10,6,40482
CUST_01033,9,3,4986
CUST_01034,45,6,411
CUST_01035,42,2,487
CUST_01036,39,10,691
CUST_01037,1,1,778
CUST_01038,4,1,766
CUST_01039,30,8,40848
CUST_01040,4,0,831
CUST_01041,36,14,320
CUST_01042,0,0,72
CUST_01043,15,3,12555
CUST_01044,20,2,577
CUST_01045,2,1,643
CUST_01046,15,8,412
CUST_01047,14,3,771
CUST_01048,20,8,123
CUST_01049,16,2,384
CUST_01050,3,1,603
CUST_01051,43,9,785
CUST_01052,4,1,652
CUST_01053,28,2,18924
CUST_01054,19,2,581
CUST_01055,10,9,432
CUST_01056,23,10,490
CUST_01057,12,5,686
CUST_01058,40,11,870
CUST_01059,17,13,85
CUST_01060,37,4,764
CUST_01061,2,0,29
CUST_01062,32,10,666
CUST_01063,44,4,199
CUST_01064,14,7,874
CUST_01065,37,3,155
CUST_01066,5,9,756
CUST_01067,25,5,897
CUST_01068,9,11,531
CUST_01069,5,9,714
CUST_01070,25,1,7876
CUST_01071,29,10,151
CUST_01072,24,12,76
CUST_01073,49,14,327
CUST_01074,13,8,171
CUST_01075,20,2,404
CUST_01076,0,1,405
CUST_01077,44,8,840
CUST_01078,0,1,761
CUST_01079,43,2,697
CUST_01080,28,13,361
CUST_01081,20,2,127
CUST_01082,18,13,20825
CUST_01083,38,6,522
CUST_01084,3,0,335
CUST_01085,15,11,753
CUST_01086,1,1,692
CUST_01087,40,14,3902
CUST_01088,5,10,194
CUST_01089,16,3,757
CUST_01090,1,1,99
CUST_01091,1,1,563
CUST_01092,3,1,370
CUST_01093,7,7,908
CUST_01094,3,1,896
CUST_01095,0,0,427
CUST_01096,30,2,586
CUST_01097,17,11,919
CUST_01098,1,0,132
CUST_01099,1,0,255
CUST_01100,0,1,449
CUST_01101,6,11,720
CUST_01102,14,2,976
CUST_01103,29,2,14878
CUST_01104,4,0,959
CUST_01105,3,1,28987
CUST_01106,0,0,579
CUST_01107,28,5,53
CUST_01108,1,1,778
CUST_01109,21,7,38813
CUST_01110,20,12,384
CUST_01111,22,4,937
CUST_01112,1,1,241
CUST_01113,3,0,46
CUST_01114,35,4,114
CUST_01115,6,8,707
CUST_01116,4,1,805
CUST_01117,19,6,129
CUST_01118,3,1,556
CUST_01119,33,7,154
CUST_01120,38,11,993
CUST_01121,44,7,972
CUST_01122,36,13,494
CUST_01123,25,2,828
CUST_01124,34,5,81
CUST_01125,28,4,778
CUST_01126,48,10,964
CUST_01127,0,1,668
CUST_01128,32,9,24
CUST_01129,18,12,16218
CUST_01130,0,0,181
CUST_01131,2,0,431
CUST_01132,18,3,173
CUST_01133,0,1,808
CUST_01134,2,0,997
CUST_01135,45,10,40
CUST_01136,44,5,444
CUST_01137,0,0,868
CUST_01138,46,12,394
CUST_01139,11,4,939
CUST_01140,4,0,47554
CUST_01141,13,6,560
CUST_01142,0,0,261
CUST_01143,35,7,25427
CUST_01144,27,7,56
CUST_01145,4,0,5
CUST_01146,32,11,558
CUST_01147,2,0,574
CUST_01148,4,1,944
CUST_01149,1,0,917
CUST_01150,38,12,578
CUST_01151,23,10,914
CUST_01152,1,0,694
CUST_01153,2,1,161
CUST_01154,38,12,296
CUST_01155,3,1,616
CUST_01156,48,12,774
CUST_01157,1,0,56
CUST_01158,5,13,527
CUST_01159,40,5,41229
CUST_01160,47,5,165
CUST_01161,43,1,904
CUST_01162,0,0,761
CUST_01163,11,6,972
CUST_01164,4,0,545
CUST_01165,24,10,45
CUST_01166,24,5,932
CUST_01167,29,11,810
CUST_01168,47,10,46
CUST_01169,25,6,389
CUST_01170,13,9,251
CUST_01171,31,8,165
CUST_01172,32,7,367
CUST_01173,29,7,378
CUST_01174,3,0,316
CUST_01175,38,6,131
CUST_01176,6,1,388
CUST_01177,13,12,581
CUST_01178,23,7,571
CUST_01179,2,0,716
CUST_01180,25,7,749
CUST_01181,1,1,855
CUST_01182,2,1,347
CUST_01183,30,3,844
CUST_01184,1,1,617
CUST_01185,33,13,496
CUST_01186,37,7,28915
CUST_01187,38,1,849
CUST_01188,31,3,954
CUST_01189,11,10,510
CUST_01190,19,4,518
CUST_01191,0,1,451
CUST_01192,13,9,33079
CUST_01193,17,12,215
CUST_01194,36,6,469
CUST_01195,3,1,852
CUST_01196,36,14,303
CUST_01197,24,5,297
CUST_01198,47,3,345
CUST_01199,23,5,285
CUST_01200,31,12,30968
CUST_01201,40,7,125
CUST_01202,34,9,50
CUST_01203,15,12,418
CUST_01204,20,9,701
CUST_01205,30,12,38370
CUST_01206,34,8,470
CUST_01207,6,5,375
CUST_01208,38,7,364
CUST_01209,0,1,231
CUST_01210,26,10,689
CUST_01211,35,5,669
CUST_01212,25,12,658
CUST_01213,3,0,26410
CUST_01214,44,3,305
CUST_01215,27,13,437
CUST_01216,30,11,250
CUST_01217,22,13,850
CUST_01218,19,1,341
CUST_01219,4,0,131
CUST_01220,26,5,748
CUST_01221,32,12,523
CUST_01222,47,2,654
CUST_01223,11,6,505
CUST_01224,1,1,398
CUST_01225,46,11,32171
CUST_01226,0,1,117
CUST_01227,39,8,60
CUST_01228,17,5,914
CUST_01229,0,1,180
CUST_01230,35,1,967
CUST_01231,23,2,312
CUST_01232,33,1,990
CUST_01233,0,0,264
CUST_01234,45,10,28
CUST_01235,25,3,262
CUST_01236,20,14,711
CUST_01237,34,3,616
CUST_01238,3,1,912
CUST_01239,45,10,590
CUST_01240,1,1,36983
CUST_01241,10,7,710
CUST_01242,3,0,617
CUST_01243,46,7,338
CUST_01244,1,1,421
CUST_01245,28,9,88
CUST_01246,32,5,331
CUST_01247,19,4,991
CUST_01248,43,5,430
CUST_01249,44,8,777
CUST_01250,1,0,762
CUST_01251,21,12,151
CUST_01252,3,0,8571
CUST_01253,7,12,707
CUST_01254,43,8,125
CUST_01255,32,13,42
CUST_01256,35,4,420
CUST_01257,3,0,26893
CUST_01258,12,11,489
CUST_01259,2,1,46239
CUST_01260,1,1,252
CUST_01261,40,2,17595
CUST_01262,4,1,810
CUST_01263,44,1,707
CUST_01264,2,1,483
CUST_01265,37,11,292
CUST_01266,0,0,216
CUST_01267,25,13,168
CUST_01268,10,13,733
CUST_01269,25,8,33279
CUST_01270,32,4,384
CUST_01271,21,14,860
CUST_01272,22,6,15
CUST_01273,15,5,24638
CUST_01274,48,13,46460
CUST_01275,29,10,902
CUST_01276,34,6,295
CUST_01277,29,4,434
CUST_01278,11,4,319
CUST_01279,41,7,736
CUST_01280,3,0,625
CUST_01281,30,9,533
CUST_01282,0,0,298
CUST_01283,28,3,573
CUST_01284,16,4,693
CUST_01285,18,9,922
CUST_01286,13,5,796
CUST_01287,3,0,15
CUST_01288,2,0,980
CUST_01289,23,12,394
CUST_01290,5,6,276
CUST_01291,33,1,4369
CUST_01292,2,1,282
CUST_01293,4,0,638
CUST_01294,5,5,998
CUST_01295,29,5,85
CUST_01296,31,11,206
CUST_01297,26,9,874
CUST_01298,21,1,662
CUST_01299,4,0,562
CUST_01300,7,3,476
CUST_01301,0,0,742
CUST_01302,6,12,591
CUST_01303,36,13,21599
CUST_01304,26,7,399
CUST_01305,43,7,135
CUST_01306,3,0,345
CUST_01307,26,5,169
CUST_01308,8,14,968
CUST_01309,42,9,162
CUST_01310,17,7,198
CUST_01311,27,2,967
CUST_01312,17,12,29806
CUST_01313,24,3,47
CUST_01314,37,11,821
CUST_01315,38,7,764
CUST_01316,42,5,21006
CUST_01317,4,1,102
CUST_01318,4,0,23424
CUST_01319,15,9,5
CUST_01320,22,3,710
CUST_01321,49,8,11
CUST_01322,25,13,102
CUST_01323,16,6,23993
CUST_01324,43,13,832
CUST_01325,24,4,40608
CUST_01326,11,4,426
CUST_01327,31,4,170
CUST_01328,11,7,688
CUST_01329,6,6,88
CUST_01330,2,0,715
CUST_01331,37,5,438
CUST_01332,0,1,346
CUST_01333,33,6,854
CUST_01334,36,7,210
CUST_01335,49,12,724
CUST_01336,16,11,433
CUST_01337,0,0,532
CUST_01338,43,12,599
CUST_01339,0,1,524
CUST_01340,44,14,425
CUST_01341,7,8,995
CUST_01342,43,11,119
CUST_01343,0,1,910
CUST_01344,6,2,177
CUST_01345,4,1,128
CUST_01346,45,8,562
CUST_01347,1,1,417
CUST_01348,16,3,553
CUST_01349,45,4,317
CUST_01350,36,12,606
CUST_01351,10,1,241
CUST_01352,31,3,927
CUST_01353,17,4,355
CUST_01354,27,2,572
CUST_01355,14,14,31425
CUST_01356,18,12,437
CUST_01357,7,6,457
CUST_01358,16,8,441
CUST_01359,3,1,980
CUST_01360,3,0,227
CUST_01361,36,10,407
CUST_01362,4,0,922
CUST_01363,0,0,276
CUST_01364,13,14,17
CUST_01365,5,4,755
CUST_01366,1,1,15307
CUST_01367,43,6,323
CUST_01368,14,4,47268
CUST_01369,2,0,821
CUST_01370,47,11,529
CUST_01371,45,2,895
CUST_01372,34,10,712
CUST_01373,9,2,25372
CUST_01374,8,2,764
CUST_01375,49,2,191
CUST_01376,12,8,48
CUST_01377,20,10,93
CUST_01378,5,4,930
CUST_01379,19,4,748
CUST_01380,28,10,19542
CUST_01381,19,10,166
CUST_01382,10,11,493
CUST_01383,3,1,253
CUST_01384,9,3,953
CUST_01385,43,5,56
CUST_01386,1,1,5
CUST_01387,38,7,973
CUST_01388,0,0,237
CUST_01389,36,7,24902
CUST_01390,2,1,223
CUST_01391,4,0,589
CUST_01392,28,12,19
CUST_01393,35,7,817
CUST_01394,0,1,776
CUST_01395,19,8,203
CUST_01396,2,0,141
CUST_01397,24,13,32984
CUST_01398,8,1,406
CUST_01399,17,3,815
CUST_01400,45,12,12300
CUST_01401,48,3,79
CUST_01402,14,5,209
CUST_01403,45,10,767
CUST_01404,27,14,34901
CUST_01405,11,13,376
CUST_01406,4,1,39
CUST_01407,0,0,352
CUST_01408,11,10,452
CUST_01409,12,6,422
CUST_01410,11,4,713
CUST_01411,47,6,85
CUST_01412,8,7,554
CUST_01413,11,4,235
CUST_01414,49,11,992
CUST_01415,4,0,889
CUST_01416,34,5,414
CUST_01417,22,3,581
CUST_01418,34,2,355
CUST_01419,11,1,642
CUST_01420,27,4,643
CUST_01421,41,2,247
CUST_01422,11,12,666
CUST_01423,42,3,741
CUST_01424,33,1,600
CUST_01425,38,14,9858
CUST_01426,3,1,538
CUST_01427,45,6,360
CUST_01428,49,4,867
CUST_01429,22,5,749
CUST_01430,4,0,174
CUST_01431,3,0,827
CUST_01432,31,4,803
CUST_01433,1,1,373
CUST_01434,16,3,941
CUST_01435,1,1,60
CUST_01436,21,13,169
CUST_01437,48,3,506
CUST_01438,11,7,774
CUST_01439,28,7,413
CUST_01440,11,3,817
CUST_01441,33,3,115
CUST_01442,32,10,174
CUST_01443,27,10,732
CUST_01444,14,12,423
CUST_01445,1,0,127
CUST_01446,4,0,488
CUST_01447,2,0,4
CUST_01448,29,11,325
CUST_01449,1,0,697
CUST_01450,9,2,171
CUST_01451,18,5,198
CUST_01452,35,11,230
CUST_01453,44,7,799
CUST_01454,10,8,846
CUST_01455,32,1,626
CUST_01456,0,0,332
CUST_01457,10,2,465
CUST_01458,21,13,841
CUST_01459,44,7,423
CUST_01460,39,9,312
CUST_01461,3,0,522
CUST_01462,49,14,423
CUST_01463,22,8,615
CUST_01464,47,14,174
CUST_01465,38,10,897
CUST_01466,5,3,986
CUST_01467,19,4,947
CUST_01468,22,2,373
CUST_01469,26,9,631
CUST_01470,22,14,236
CUST_01471,1,1,747
CUST_01472,3,0,967
CUST_01473,40,4,816
CUST_01474,42,13,442
CUST_01475,29,5,37
CUST_01476,1,0,783
CUST_01477,24,14,887
CUST_01478,0,1,855
CUST_01479,37,10,762
CUST_01480,11,14,982
CUST_01481,27,10,45689
CUST_01482,15,12,845
CUST_01483,37,6,538
CUST_01484,44,11,841
CUST_01485,3,1,634
CUST_01486,49,12,155
CUST_01487,1,1,728
CUST_01488,12,12,193
CUST_01489,2,1,812
CUST_01490,0,0,160
CUST_01491,2,0,639
CUST_01492,4,1,827
CUST_01493,3,1,689
CUST_01494,6,10,46562
CUST_01495,9,3,685
CUST_01496,21,5,546
CUST_01497,1,1,238
CUST_01498,3,0,40
CUST_01499,33,8,185
CUST_01500,20,14,460
CUST_01501,3,0,694
CUST_01502,1,0,388
CUST_01503,23,5,260
CUST_01504,13,11,405
CUST_01505,11,3,545
CUST_01506,34,6,448
CUST_01507,19,10,698
CUST_01508,48,13,400
CUST_01509,0,0,306
CUST_01510,10,6,944
CUST_01511,42,8,136
CUST_01512,4,0,201
CUST_01513,4,1,892
CUST_01514,4,1,654
CUST_01515,12,11,34672
CUST_01516,3,0,156
CUST_01517,23,13,254
CUST_01518,4,1,19523
CUST_01519,35,3,408
CUST_01520,20,5,852
CUST_01521,42,5,976
CUST_01522,26,14,730
CUST_01523,1,0,27
CUST_01524,26,11,662
CUST_01525,12,1,870
CUST_01526,41,9,611
CUST_01527,16,2,514
CUST_01528,0,1,48539
CUST_01529,2,0,198
CUST_01530,2,1,68
CUST_01531,17,13,601
CUST_01532,30,14,16
CUST_01533,26,3,848
CUST_01534,33,7,878
CUST_01535,16,3,834
CUST_01536,4,0,834
CUST_01537,32,8,545
CUST_01538,13,13,775
CUST_01539,14,3,812
CUST_01540,46,5,59
CUST_01541,2,0,43276
CUST_01542,40,1,19688
CUST_01543,44,3,1107
CUST_01544,15,1,364
CUST_01545,0,0,917
CUST_01546,0,0,928
CUST_01547,3,0,433
CUST_01548,28,7,198
CUST_01549,9,7,752
CUST_01550,7,3,231
CUST_01551,2,0,722
CUST_01552,0,1,367
CUST_01553,4,0,429
CUST_01554,16,6,563
CUST_01555,4,1,118
CUST_01556,21,13,7140
CUST_01557,2,0,214
CUST_01558,15,13,321
CUST_01559,10,8,148
CUST_01560,47,2,407
CUST_01561,40,12,687
CUST_01562,21,4,16899
CUST_01563,26,9,780
CUST_01564,5,4,8628
CUST_01565,48,7,4
CUST_01566,7,5,401
CUST_01567,20,10,627
CUST_01568,2,0,202
CUST_01569,18,1,36
CUST_01570,11,4,53
CUST_01571,1,0,287
CUST_01572,47,6,283
CUST_01573,35,6,24823
CUST_01574,4,1,44
CUST_01575,23,3,283
CUST_01576,4,1,832
CUST_01577,5,2,581
CUST_01578,4,0,970
CUST_01579,14,1,41
CUST_01580,22,12,416
CUST_01581,46,12,271
CUST_01582,5,5,140
CUST_01583,4,0,916
CUST_01584,17,7,570
CUST_01585,8,2,751
CUST_01586,16,11,46
CUST_01587,23,13,166
CUST_01588,3,0,621
CUST_01589,48,9,125
CUST_01590,42,13,471
CUST_01591,2,1,810
CUST_01592,2,0,922
CUST_01593,29,1,620
CUST_01594,14,5,676
CUST_01595,1,1,369
CUST_01596,3,1,770
CUST_01597,4,0,587
CUST_01598,1,0,6
CUST_01599,29,3,697
CUST_01600,1,0,275
CUST_01601,3,0,590
CUST_01602,40,11,64
CUST_01603,43,3,626
CUST_01604,28,4,201
CUST_01605,27,13,141
CUST_01606,4,1,974
CUST_01607,2,1,97
CUST_01608,21,1,816
CUST_01609,1,1,216
CUST_01610,7,8,990
CUST_01611,4,0,585
CUST_01612,33,12,292
CUST_01613,38,2,507
CUST_01614,18,10,133
CUST_01615,2,0,261
CUST_01616,22,8,283
CUST_01617,3,1,101
CUST_01618,6,8,376
CUST_01619,15,10,205
CUST_01620,35,5,652
CUST_01621,17,3,12
CUST_01622,1,1,760
CUST_01623,30,10,122
CUST_01624,0,0,9
CUST_01625,0,1,591
CUST_01626,1,0,166
CUST_01627,26,5,610
CUST_01628,4,0,718
CUST_01629,23,3,150
CUST_01630,49,13,36
CUST_01631,28,12,1622
CUST_01632,4,0,775
CUST_01633,39,11,473
CUST_01634,12,1,443
CUST_01635,9,4,341
CUST_01636,26,9,4
CUST_01637,32,6,889
CUST_01638,4,0,225
CUST_01639,37,14,538
CUST_01640,0,0,123
CUST_01641,30,11,402
CUST_01642,3,0,5158
CUST_01643,27,13,810
CUST_01644,30,7,42162
CUST_01645,45,11,236
CUST_01646,17,7,467
CUST_01647,2,0,498
CUST_01648,35,9,511
CUST_01649,2,1,822
CUST_01650,2,1,19834
CUST_01651,40,8,47220
CUST_01652,46,2,101
CUST_01653,27,7,588
CUST_01654,42,12,311
CUST_01655,1,1,81
CUST_01656,3,1,657
CUST_01657,36,8,192
CUST_01658,19,13,223
CUST_01659,42,3,52
CUST_01660,15,11,344
CUST_01661,2,1,84
CUST_01662,0,1,986
CUST_01663,3,1,28855
CUST_01664,0,0,879
CUST_01665,15,14,640
CUST_01666,9,7,210
CUST_01667,30,9,46227
CUST_01668,0,1,775
CUST_01669,39,4,914
CUST_01670,9,12,182
CUST_01671,13,8,271
CUST_01672,32,5,505
CUST_01673,0,0,19920
CUST_01674,9,5,833
CUST_01675,27,3,2232
CUST_01676,48,5,92
CUST_01677,48,13,329
CUST_01678,20,7,189
CUST_01679,11,4,597
CUST_01680,18,8,865
CUST_01681,26,14,10953
CUST_01682,13,11,788
CUST_01683,27,6,292
CUST_01684,47,6,260
CUST_01685,8,6,709
CUST_01686,2,1,927
CUST_01687,30,14,7362
CUST_01688,45,3,9
CUST_01689,3,0,964
CUST_01690,35,6,87
CUST_01691,2,1,339
CUST_01692,4,0,317
CUST_01693,31,14,548
CUST_01694,10,10,222
CUST_01695,10,9,686
CUST_01696,8,4,208
CUST_01697,1,0,48
CUST_01698,7,10,535
CUST_01699,28,13,849
CUST_01700,22,12,921
CUST_01701,1,0,617
CUST_01702,25,12,822
CUST_01703,33,12,28026
CUST_01704,4,0,205
CUST_01705,29,3,680
CUST_01706,16,10,496
CUST_01707,3,0,897
CUST_01708,11,7,669
CUST_01709,18,2,752
CUST_01710,1,0,464
CUST_01711,3,0,634
CUST_01712,14,14,19
CUST_01713,15,4,567
CUST_01714,43,2,969
CUST_01715,23,14,791
CUST_01716,23,9,107
CUST_01717,47,10,139
CUST_01718,10,11,90
CUST_01719,12,6,270
CUST_01720,5,1,328
CUST_01721,27,1,209
CUST_01722,44,8,687
CUST_01723,41,11,572
CUST_01724,3,0,454
CUST_01725,6,13,21679
CUST_01726,1,0,365
CUST_01727,2,0,21505
CUST_01728,19,7,2
CUST_01729,1,1,783
CUST_01730,46,2,163
CUST_01731,25,3,387
CUST_01732,34,8,994
CUST_01733,28,4,8
CUST_01734,6,13,365
CUST_01735,42,8,11
CUST_01736,26,3,73
CUST_01737,0,1,27131
CUST_01738,18,7,811
CUST_01739,9,1,107
CUST_01740,28,11,961
CUST_01741,30,3,23395
CUST_01742,3,1,524
CUST_01743,49,5,233
CUST_01744,38,2,438
CUST_01745,27,10,756
CUST_01746,4,1,480
CUST_01747,39,13,832
CUST_01748,19,3,91
CUST_01749,7,9,871
CUST_01750,16,10,197
CUST_01751,42,9,115
CUST_01752,21,8,642
CUST_01753,0,1,364
CUST_01754,31,5,152
CUST_01755,23,10,632
CUST_01756,25,11,41913
CUST_01757,44,7,947
CUST_01758,28,2,527
CUST_01759,28,3,810
CUST_01760,23,12,19962
CUST_01761,35,11,451
CUST_01762,44,2,391
CUST_01763,24,10,614
CUST_01764,19,11,207
CUST_01765,44,1,509
CUST_01766,39,3,939
CUST_01767,39,4,30428
CUST_01768,4,1,662
CUST_01769,3,1,773
CUST_01770,45,12,554
CUST_01771,1,1,36047
CUST_01772,22,9,975
CUST_01773,21,1,629
CUST_01774,12,9,46143
CUST_01775,24,6,278
CUST_01776,15,8,143
CUST_01777,34,3,739
CUST_01778,2,0,49515
CUST_01779,43,11,228
CUST_01780,18,9,264
CUST_01781,46,7,465
CUST_01782,19,4,136
CUST_01783,16,6,6665
CUST_01784,24,6,41981
CUST_01785,21,2,697
CUST_01786,1,0,448
CUST_01787,30,11,314
CUST_01788,18,5,150
CUST_01789,29,1,324
CUST_01790,3,0,402
CUST_01791,29,10,802
CUST_01792,29,3,352
CUST_01793,3,0,950
CUST_01794,47,8,109
CUST_01795,16,11,465
CUST_01796,24,3,39
CUST_01797,3,1,653
CUST_01798,1,0,339
CUST_01799,31,14,371
CUST_01800,22,8,524
CUST_01801,14,13,506
CUST_01802,34,14,52
CUST_01803,5,10,79
CUST_01804,0,1,744
CUST_01805,27,6,350
CUST_01806,11,11,550
CUST_01807,34,8,738
CUST_01808,30,3,22953
CUST_01809,5,14,120
CUST_01810,33,11,64
CUST_01811,29,6,439
CUST_01812,44,12,295
CUST_01813,4,0,941
CUST_01814,3,1,204
CUST_01815,0,1,35149
CUST_01816,1,0,556
CUST_01817,9,9,13616
CUST_01818,5,12,134
CUST_01819,2,1,377
CUST_01820,40,7,979
CUST_01821,0,1,51
CUST_01822,48,8,740
CUST_01823,2,1,867
CUST_01824,39,2,579
CUST_01825,31,11,2752
CUST_01826,1,1,66
CUST_01827,2,0,2
CUST_01828,0,1,22655
CUST_01829,6,7,887
CUST_01830,34,6,450
CUST_01831,42,3,509
CUST_01832,3,0,767
CUST_01833,11,14,867
CUST_01834,43,7,437
CUST_01835,0,1,776
CUST_01836,37,14,949
CUST_01837,44,1,975
CUST_01838,34,4,21907
CUST_01839,34,4,527
CUST_01840,2,0,779
CUST_01841,49,6,101
CUST_01842,28,10,915
CUST_01843,24,8,436
CUST_01844,4,1,798
CUST_01845,23,1,733
CUST_01846,17,13,20
CUST_01847,2,0,386
CUST_01848,19,14,532
CUST_01849,15,4,91
CUST_01850,16,13,795
CUST_01851,2,0,132
CUST_01852,29,10,838
CUST_01853,7,14,504
CUST_01854,28,9,452
CUST_01855,2,0,840
CUST_01856,2,0,686
CUST_01857,32,3,724
CUST_01858,34,6,147
CUST_01859,2,1,933
CUST_01860,15,9,231
CUST_01861,0,1,883
CUST_01862,7,13,164
CUST_01863,23,2,313
CUST_01864,6,12,656
CUST_01865,3,1,297
CUST_01866,33,6,987
CUST_01867,6,4,222
CUST_01868,20,12,352
CUST_01869,14,7,415
CUST_01870,8,13,61
CUST_01871,47,7,607
CUST_01872,4,0,623
CUST_01873,28,7,4970
CUST_01874,2,0,598
CUST_01875,25,7,404
CUST_01876,46,13,984
CUST_01877,20,10,928
CUST_01878,1,0,22279
CUST_01879,1,0,450
CUST_01880,13,9,389
CUST_01881,2,0,624
CUST_01882,48,5,765
CUST_01883,5,10,25525
CUST_01884,18,9,501
CUST_01885,28,12,321
CUST_01886,14,13,543
CUST_01887,22,14,63
CUST_01888,49,11,153
CUST_01889,3,1,957
CUST_01890,31,2,516
CUST_01891,23,3,394
CUST_01892,40,7,895
CUST_01893,2,1,26888
CUST_01894,3,1,462
CUST_01895,13,3,721
CUST_01896,3,1,944
CUST_01897,1,1,973
CUST_01898,21,11,38472
CUST_01899,46,8,221
CUST_01900,42,12,189
CUST_01901,47,4,571
CUST_01902,24,11,204
CUST_01903,2,1,43273
CUST_01904,8,6,20029
CUST_01905,1,0,88
CUST_01906,3,1,22813
CUST_01907,18,8,954
CUST_01908,29,12,362
CUST_01909,21,9,370
CUST_01910,1,1,331
CUST_01911,1,0,920
CUST_01912,17,5,707
CUST_01913,4,1,425
CUST_01914,45,3,843
CUST_01915,3,1,454
CUST_01916,8,13,694
CUST_01917,48,6,421
CUST_01918,19,12,999
CUST_01919,24,14,762
CUST_01920,12,11,735
CUST_01921,0,0,170
CUST_01922,6,12,709
CUST_01923,32,11,248
CUST_01924,26,4,180
CUST_01925,1,0,474
CUST_01926,0,1,482
CUST_01927,5,11,383
CUST_01928,40,11,788
CUST_01929,46,8,403
CUST_01930,1,0,786
CUST_01931,42,2,160
CUST_01932,30,1,247
CUST_01933,35,8,318
CUST_01934,45,10,963
CUST_01935,2,1,699
CUST_01936,35,7,530
CUST_01937,13,7,755
CUST_01938,7,13,112
CUST_01939,3,0,923
CUST_01940,10,8,789
CUST_01941,49,10,562
CUST_01942,49,1,343
CUST_01943,11,12,122
CUST_01944,45,1,749
CUST_01945,29,13,318
CUST_01946,29,1,573
CUST_01947,5,6,477
CUST_01948,3,0,412
CUST_01949,24,10,585
CUST_01950,17,9,244
CUST_01951,0,0,543
CUST_01952,1,0,456
CUST_01953,27,1,152
CUST_01954,2,1,655
CUST_01955,37,5,14
CUST_01956,13,6,442
CUST_01957,33,9,303
CUST_01958,36,2,785
CUST_01959,15,14,244
CUST_01960,40,3,790
CUST_01961,33,14,566
CUST_01962,4,0,553
CUST_01963,18,3,898
CUST_01964,0,1,454
CUST_01965,4,1,358
CUST_01966,26,8,3551
CUST_01967,2,1,10
CUST_01968,37,2,822
CUST_01969,27,13,599
CUST_01970,39,2,226
CUST_01971,24,11,113
CUST_01972,37,7,536
CUST_01973,39,14,603
CUST_01974,34,4,971
CUST_01975,34,5,86
CUST_01976,4,1,592
CUST_01977,49,6,249
CUST_01978,2,0,249
CUST_01979,19,13,936
CUST_01980,29,8,420
CUST_01981,24,11,209
CUST_01982,11,1,950
CUST_01983,20,2,520
CUST_01984,27,7,610
CUST_01985,25,14,547
CUST_01986,2,1,56
CUST_01987,2,1,62
CUST_01988,23,6,337
CUST_01989,10,12,787
CUST_01990,2,1,724
CUST_01991,36,5,814
CUST_01992,5,7,531
CUST_01993,34,10,758
CUST_01994,20,8,5
CUST_01995,4,1,9499
CUST_01996,22,9,618
CUST_01997,17,6,604
CUST_01998,48,5,510
CUST_01999,32,7,796
CUST_02000,14,2,460
CUST_02001,0,0,355
CUST_02002,33,12,218
CUST_02003,15,4,366
CUST_02004,1,0,888
CUST_02005,48,3,560
CUST_02006,21,13,363
CUST_02007,0,1,17969
CUST_02008,35,4,294
CUST_02009,25,10,504
CUST_02010,37,10,287
CUST_02011,1,1,22826
CUST_02012,10,11,298
CUST_02013,8,3,619
CUST_02014,26,4,283
CUST_02015,17,3,812
CUST_02016,48,3,576
CUST_02017,34,2,817
CUST_02018,44,6,53
CUST_02019,30,13,818
CUST_02020,43,10,810
CUST_02021,43,6,319
CUST_02022,11,10,478
CUST_02023,18,4,8351
CUST_02024,3,0,757
CUST_02025,4,0,721
CUST_02026,28,6,220
CUST_02027,29,12,681
CUST_02028,36,8,933
CUST_02029,10,6,342
CUST_02030,20,13,213
CUST_02031,7,9,18776
CUST_02032,25,3,580
CUST_02033,36,14,745
CUST_02034,6,3,14
CUST_02035,3,1,13300
CUST_02036,0,0,29960
CUST_02037,22,14,47418
CUST_02038,15,14,133
CUST_02039,39,6,717
CUST_02040,40,7,23
CUST_02041,42,7,376
CUST_02042,16,5,596
CUST_02043,35,6,141
CUST_02044,3,0,651
CUST_02045,34,11,438
CUST_02046,48,2,323
CUST_02047,8,10,121
CUST_02048,6,14,299
CUST_02049,48,12,340
CUST_02050,17,7,976
CUST_02051,2,0,988
CUST_02052,2,0,178
CUST_02053,3,1,207
CUST_02054,2,1,977
CUST_02055,1,1,165
CUST_02056,9,1,7157
CUST_02057,3,0,633
CUST_02058,34,5,555
CUST_02059,18,3,74
CUST_02060,47,14,479
CUST_02061,0,1,347
CUST_02062,14,13,271
CUST_02063,10,10,993
CUST_02064,20,7,945
CUST_02065,30,7,989
CUST_02066,25,7,165
CUST_02067,1,1,761
CUST_02068,3,1,85
CUST_02069,2,1,900
CUST_02070,34,9,648
CUST_02071,9,12,2215
CUST_02072,14,9,550
CUST_02073,35,7,598
CUST_02074,15,7,3264
CUST_02075,3,0,671
CUST_02076,11,11,575
CUST_02077,0,1,222
CUST_02078,1,1,416
CUST_02079,45,9,361
CUST_02080,0,1,345
CUST_02081,32,7,145
CUST_02082,20,12,715
CUST_02083,7,7,66
CUST_02084,41,9,516
CUST_02085,36,7,973
CUST_02086,25,14,58
CUST_02087,49,3,587
CUST_02088,22,6,38106
CUST_02089,15,6,759
CUST_02090,12,11,15
CUST_02091,16,12,586
CUST_02092,6,7,867
CUST_02093,45,6,485
CUST_02094,26,4,888
CUST_02095,4,0,175
CUST_02096,18,6,17915
CUST_02097,19,3,460
CUST_02098,15,1,135
CUST_02099,17,1,427
CUST_02100,32,5,788
CUST_02101,29,11,793
CUST_02102,3,1,997
CUST_02103,2,1,930
CUST_02104,41,8,910
CUST_02105,2,0,679
CUST_02106,29,13,541
CUST_02107,1,1,38584
CUST_02108,12,8,335
CUST_02109,21,9,1799
CUST_02110,35,9,512
CUST_02111,30,2,170
CUST_02112,15,12,923
CUST_02113,34,8,128
CUST_02114,15,2,679
CUST_02115,7,7,417
CUST_02116,44,8,8181
CUST_02117,44,1,60
CUST_02118,4,1,116
CUST_02119,1,0,833
CUST_02120,32,13,634
CUST_02121,26,1,771
CUST_02122,46,7,472
CUST_02123,22,10,737
CUST_02124,3,0,396
CUST_02125,30,8,803
CUST_02126,2,0,863
CUST_02127,33,2,956
CUST_02128,15,1,697
CUST_02129,4,0,596
CUST_02130,5,10,217
CUST_02131,20,6,654
CUST_02132,0,0,476
CUST_02133,42,1,601
CUST_02134,22,3,852
CUST_02135,0,1,267
CUST_02136,23,9,75
CUST_02137,1,1,68
CUST_02138,9,3,444
CUST_02139,31,8,297
CUST_02140,2,1,473
CUST_02141,10,1,159
CUST_02142,38,6,897
CUST_02143,20,13,7
CUST_02144,27,5,730
CUST_02145,47,8,484
CUST_02146,1,1,821
CUST_02147,4,1,903
CUST_02148,47,12,87
CUST_02149,27,7,140
CUST_02150,3,1,540
CUST_02151,1,1,524
CUST_02152,33,12,825
CUST_02153,12,8,574
CUST_02154,33,6,28837
CUST_02155,22,13,686
CUST_02156,9,3,974
CUST_02157,16,5,215
CUST_02158,14,7,505
CUST_02159,41,9,746
CUST_02160,21,4,598
CUST_02161,36,12,73
CUST_02162,0,1,805
CUST_02163,35,2,580
CUST_02164,2,1,68
CUST_02165,2,0,222
CUST_02166,3,1,935
CUST_02167,12,5,896
CUST_02168,4,1,385
CUST_02169,24,1,880
CUST_02170,4,1,284
CUST_02171,3,1,121
CUST_02172,4,0,774
CUST_02173,7,11,732
CUST_02174,39,2,440
CUST_02175,3,0,822
CUST_02176,25,3,456
CUST_02177,4,0,163
CUST_02178,30,7,262
CUST_02179,27,2,91
CUST_02180,36,2,777
CUST_02181,6,3,335
CUST_02182,43,13,585
CUST_02183,6,12,934
CUST_02184,43,1,30803
CUST_02185,19,2,601
CUST_02186,20,5,865
CUST_02187,3,0,993
CUST_02188,1,1,807
CUST_02189,2,1,909
CUST_02190,25,6,465
CUST_02191,43,2,640
CUST_02192,15,14,400
CUST_02193,4,0,560
CUST_02194,40,4,597
CUST_02195,22,3,34702
CUST_02196,4,1,35076
CUST_02197,17,14,646
CUST_02198,48,8,910
CUST_02199,1,0,626
CUST_02200,43,1,276
CUST_02201,48,4,65
CUST_02202,48,6,698
CUST_02203,49,6,943
CUST_02204,5,13,856
CUST_02205,4,0,200
CUST_02206,25,1,467
CUST_02207,20,13,433
CUST_02208,18,14,137
CUST_02209,47,5,51
CUST_02210,47,10,724
CUST_02211,6,1,451
CUST_02212,35,6,157
CUST_02213,43,9,801
CUST_02214,13,4,861
CUST_02215,1,1,205
CUST_02216,18,10,341
CUST_02217,14,9,832
CUST_02218,28,3,315
CUST_02219,3,1,135
CUST_02220,38,7,74
CUST_02221,24,5,448
CUST_02222,4,0,68
CUST_02223,8,1,952
CUST_02224,38,7,812
CUST_02225,4,1,560
CUST_02226,4,0,201
CUST_02227,26,1,573
CUST_02228,8,9,46334
CUST_02229,9,7,46507
CUST_02230,3,0,660
CUST_02231,49,6,995
CUST_02232,39,4,120
CUST_02233,3,1,43771
CUST_02234,15,4,940
CUST_02235,3,0,96
CUST_02236,1,1,376
CUST_02237,6,2,490
CUST_02238,12,2,923
CUST_02239,38,3,52
CUST_02240,3,1,8
CUST_02241,2,1,330
CUST_02242,27,1,2624
CUST_02243,3,0,359
CUST_02244,1,1,348
CUST_02245,35,4,123
CUST_02246,18,9,633
CUST_02247,5,5,198
CUST_02248,31,11,828
CUST_02249,1,1,410
CUST_02250,1,0,379
CUST_02251,19,1,917
CUST_02252,9,3,43387
CUST_02253,41,14,94
CUST_02254,8,7,29
CUST_02255,24,7,91
CUST_02256,43,10,595
CUST_02257,26,13,14
CUST_02258,3,1,654
CUST_02259,15,12,820
CUST_02260,10,13,459
CUST_02261,31,1,720
CUST_02262,2,1,22
CUST_02263,4,1,325
CUST_02264,1,0,876
CUST_02265,30,12,655
CUST_02266,41,12,986
CUST_02267,37,2,86
CUST_02268,12,9,192
CUST_02269,32,12,684
CUST_02270,2,0,262
CUST_02271,44,9,428
CUST_02272,29,9,806
CUST_02273,4,0,359
CUST_02274,17,6,561
CUST_02275,11,13,432
CUST_02276,4,0,559
CUST_02277,13,2,9223
CUST_02278,1,0,48
CUST_02279,40,6,167
CUST_02280,2,0,678
CUST_02281,3,0,440
CUST_02282,34,2,593
CUST_02283,39,8,574
CUST_02284,31,5,227
CUST_02285,33,7,951
CUST_02286,9,8,213
CUST_02287,4,0,641
CUST_02288,47,6,879
CUST_02289,2,0,17652
CUST_02290,33,9,753
CUST_02291,21,4,607
CUST_02292,2,1,406
CUST_02293,28,7,888
CUST_02294,31,1,743
CUST_02295,13,12,749
CUST_02296,2,0,17
CUST_02297,17,9,39468
CUST_02298,2,1,343
CUST_02299,15,8,323
CUST_02300,28,4,245
CUST_02301,4,0,59
CUST_02302,2,1,493
CUST_02303,39,13,641
CUST_02304,20,12,861
CUST_02305,17,1,48
CUST_02306,48,8,677
CUST_02307,2,0,926
CUST_02308,27,12,679
CUST_02309,6,1,252
CUST_02310,2,0,847
CUST_02311,23,6,382
CUST_02312,4,1,308
CUST_02313,0,1,575
CUST_02314,19,6,544
CUST_02315,1,0,57
CUST_02316,37,9,817
CUST_02317,48,4,63
CUST_02318,45,7,898
CUST_02319,9,6,31868
CUST_02320,26,10,60
CUST_02321,31,6,379
CUST_02322,4,0,977
CUST_02323,23,12,760
CUST_02324,0,0,137
CUST_02325,11,2,65
CUST_02326,43,4,178
CUST_02327,38,1,989
CUST_02328,38,9,797
CUST_02329,31,9,792
CUST_02330,0,1,170
CUST_02331,9,4,754
CUST_02332,8,5,631
CUST_02333,11,1,343
CUST_02334,7,4,703
CUST_02335,25,4,186
CUST_02336,38,5,957
CUST_02337,13,2,226
CUST_02338,24,2,46284
CUST_02339,1,0,191
CUST_02340,16,2,2957
CUST_02341,43,11,605
CUST_02342,0,1,125
CUST_02343,37,13,955
CUST_02344,14,12,473
CUST_02345,3,1,98
CUST_02346,11,6,343
CUST_02347,22,2,242
CUST_02348,2,1,19
CUST_02349,1,1,628
CUST_02350,21,14,358
CUST_02351,27,1,432
CUST_02352,3,0,999
CUST_02353,49,14,610
CUST_02354,7,5,486
CUST_02355,38,6,890
CUST_02356,0,0,329
CUST_02357,45,6,666
CUST_02358,35,8,306
CUST_02359,43,12,184
CUST_02360,18,7,334
CUST_02361,2,0,505
CUST_02362,3,1,462
CUST_02363,36,4,932
CUST_02364,37,12,994
CUST_02365,4,1,2
CUST_02366,11,8,668
CUST_02367,9,4,963
CUST_02368,8,7,174
CUST_02369,15,7,847
CUST_02370,23,8,580
CUST_02371,1,0,532
CUST_02372,24,9,999
CUST_02373,31,14,297
CUST_02374,33,7,117
CUST_02375,22,9,788
CUST_02376,41,5,16719
CUST_02377,29,10,43971
CUST_02378,24,4,708
CUST_02379,10,3,134
CUST_02380,40,6,202
CUST_02381,19,10,47831
CUST_02382,22,11,29
CUST_02383,42,9,427
CUST_02384,29,4,941
CUST_02385,4,0,822
CUST_02386,26,2,256
CUST_02387,16,11,380
CUST_02388,45,3,181
CUST_02389,44,3,207
CUST_02390,37,2,878
CUST_02391,33,13,640
CUST_02392,6,9,574
CUST_02393,30,4,438
CUST_02394,36,3,341
CUST_02395,7,14,588
CUST_02396,34,10,377
CUST_02397,2,1,410
CUST_02398,14,8,526
CUST_02399,0,0,382
CUST_02400,23,8,464
CUST_02401,47,10,392
CUST_02402,25,6,836
CUST_02403,10,5,570
CUST_02404,18,11,150
CUST_02405,2,1,619
CUST_02406,6,3,368
CUST_02407,0,0,106
CUST_02408,26,10,138
CUST_02409,34,2,279
CUST_02410,40,13,71
CUST_02411,32,8,622
CUST_02412,39,11,504
CUST_02413,4,1,737
CUST_02414,1,1,949
CUST_02415,4,0,105
CUST_02416,47,12,500
CUST_02417,0,1,158
CUST_02418,2,1,149
CUST_02419,12,6,26475
CUST_02420,12,12,4
CUST_02421,9,7,638
CUST_02422,17,12,272
CUST_02423,11,8,337
CUST_02424,25,3,210
CUST_02425,33,12,326
CUST_02426,41,6,857
CUST_02427,4,1,728
CUST_02428,1,1,465
CUST_02429,0,1,939
CUST_02430,8,10,78
CUST_02431,26,7,604
CUST_02432,15,14,749
CUST_02433,3,0,745
CUST_02434,49,6,176
CUST_02435,20,2,766
CUST_02436,4,0,832
CUST_02437,20,3,131
CUST_02438,43,9,40306
CUST_02439,3,1,40324
CUST_02440,35,12,690
CUST_02441,35,6,377
CUST_02442,17,10,415
CUST_02443,9,2,343
CUST_02444,43,8,376
CUST_02445,22,11,484
CUST_02446,24,6,145
CUST_02447,4,0,654
CUST_02448,44,1,40820
CUST_02449,34,6,569
CUST_02450,1,0,295
CUST_02451,3,0,577
CUST_02452,15,6,27254
CUST_02453,2,0,396
CUST_02454,44,1,474
CUST_02455,20,4,46342
CUST_02456,3,0,573
CUST_02457,21,13,923
CUST_02458,42,5,45
CUST_02459,48,6,22208
CUST_02460,19,2,604
CUST_02461,35,8,980
CUST_02462,11,10,427
CUST_02463,34,4,222
CUST_02464,40,6,22
CUST_02465,30,3,868
CUST_02466,15,9,66
CUST_02467,10,13,625
CUST_02468,2,1,482
CUST_02469,2,0,205
CUST_02470,3,0,577
CUST_02471,19,9,561
CUST_02472,33,10,652
CUST_02473,10,9,257
CUST_02474,0,1,971
CUST_02475,20,9,986
CUST_02476,1,0,545
CUST_02477,1,0,807
CUST_02478,26,9,252
CUST_02479,37,5,580
CUST_02480,30,13,188
CUST_02481,44,12,43750
CUST_02482,11,9,714
CUST_02483,3,0,76
CUST_02484,44,4,702
CUST_02485,47,1,539
CUST_02486,28,11,724
CUST_02487,4,1,368
CUST_02488,3,1,567
CUST_02489,3,1,623
CUST_02490,1,1,754
CUST_02491,23,6,153
CUST_02492,47,13,154
CUST_02493,9,6,793
CUST_02494,34,8,270
CUST_02495,4,0,561
CUST_02496,34,10,508
CUST_02497,29,9,19140
CUST_02498,13,4,67
CUST_02499,31,14,131
CUST_02500,28,4,669
CUST_02501,44,8,844
CUST_02502,0,0,264
CUST_02503,42,10,681
CUST_02504,19,14,45121
CUST_02505,42,9,219
CUST_02506,3,0,551
CUST_02507,34,9,898
CUST_02508,15,12,936
CUST_02509,33,12,988
CUST_02510,19,4,288
CUST_02511,4,1,78
CUST_02512,13,14,750
CUST_02513,4,1,571
CUST_02514,4,1,319
CUST_02515,19,13,317
CUST_02516,21,7,486
CUST_02517,20,6,44028
CUST_02518,26,14,390
CUST_02519,44,14,748
CUST_02520,47,2,587
CUST_02521,2,0,817
CUST_02522,42,1,38
CUST_02523,29,13,198
CUST_02524,34,3,942
CUST_02525,2,0,104
CUST_02526,3,0,581
CUST_02527,42,13,793
CUST_02528,0,1,34371
CUST_02529,13,4,14606
CUST_02530,0,0,10782
CUST_02531,4,0,690
CUST_02532,31,9,983
CUST_02533,34,7,307
CUST_02534,19,13,221
CUST_02535,13,3,655
CUST_02536,3,1,815
CUST_02537,1,0,26
CUST_02538,19,12,672
CUST_02539,2,0,6188
CUST_02540,29,8,172
CUST_02541,13,14,722
CUST_02542,49,9,867
CUST_02543,26,1,978
CUST_02544,4,1,21
CUST_02545,2,0,809
CUST_02546,32,4,876
CUST_02547,18,1,14686
CUST_02548,34,2,620
CUST_02549,0,1,393
CUST_02550,9,4,15422
CUST_02551,16,1,607
CUST_02552,39,6,124
CUST_02553,45,1,334
CUST_02554,46,13,294
CUST_02555,1,0,889
CUST_02556,5,10,813
CUST_02557,0,0,839
CUST_02558,47,12,818
CUST_02559,0,0,536
CUST_02560,38,1,593
CUST_02561,38,6,910
CUST_02562,28,6,28427
CUST_02563,32,7,954
CUST_02564,4,0,537
CUST_02565,12,10,296
CUST_02566,39,11,43
CUST_02567,4,1,596
CUST_02568,3,0,21
CUST_02569,20,3,877
CUST_02570,4,0,225
CUST_02571,10,13,548
CUST_02572,24,14,373
CUST_02573,15,7,612
CUST_02574,12,9,653
CUST_02575,24,9,3
CUST_02576,36,12,23
CUST_02577,37,13,961
CUST_02578,2,0,702
CUST_02579,32,4,832
CUST_02580,0,1,321
CUST_02581,2,1,780
CUST_02582,7,3,538
CUST_02583,6,4,371
CUST_02584,26,9,592
CUST_02585,0,0,632
CUST_02586,47,10,28189
CUST_02587,25,14,15640
CUST_02588,0,1,68
CUST_02589,44,2,41477
CUST_02590,11,9,504
CUST_02591,10,5,312
CUST_02592,48,5,71
CUST_02593,4,0,245
CUST_02594,28,8,757
CUST_02595,31,11,764
CUST_02596,3,1,35675
CUST_02597,3,1,72
CUST_02598,4,1,785
CUST_02599,13,3,527
CUST_02600,4,1,690
CUST_02601,48,3,863
CUST_02602,49,7,39
CUST_02603,4,1,13462
CUST_02604,41,6,55
CUST_02605,2,0,884
CUST_02606,44,11,744
CUST_02607,2,0,6600
CUST_02608,35,8,171
CUST_02609,10,5,301
CUST_02610,29,6,927
CUST_02611,43,8,489
CUST_02612,2,0,431
CUST_02613,42,11,700
CUST_02614,20,12,29017
CUST_02615,31,7,933
CUST_02616,0,1,554
CUST_02617,8,3,44164
CUST_02618,43,2,260
CUST_02619,20,3,996
CUST_02620,2,1,880
CUST_02621,11,4,569
CUST_02622,25,8,548
CUST_02623,3,0,409
CUST_02624,0,1,746
CUST_02625,46,13,264
CUST_02626,3,1,14
CUST_02627,6,10,87
CUST_02628,10,1,983
CUST_02629,8,13,98
CUST_02630,3,0,616
CUST_02631,5,8,216
CUST_02632,42,6,409
CUST_02633,16,2,190
CUST_02634,4,0,214
CUST_02635,18,12,31270
CUST_02636,19,2,616
CUST_02637,28,10,26
CUST_02638,22,7,38705
CUST_02639,1,0,594
CUST_02640,13,10,158
CUST_02641,3,1,229
CUST_02642,22,7,234
CUST_02643,9,6,799
CUST_02644,13,10,385
CUST_02645,39,1,529
CUST_02646,1,1,283
CUST_02647,3,0,70
CUST_02648,45,2,503
CUST_02649,13,1,214
CUST_02650,36,1,116
CUST_02651,4,0,99
CUST_02652,17,11,599
CUST_02653,44,1,859
CUST_02654,15,2,664
CUST_02655,3,1,294
CUST_02656,46,13,176
CUST_02657,30,12,131
CUST_02658,44,12,819
CUST_02659,15,6,633
CUST_02660,29,11,18358
CUST_02661,1,0,579
CUST_02662,0,0,56
CUST_02663,24,11,12
CUST_02664,3,1,9184
CUST_02665,15,14,574
CUST_02666,48,10,993
CUST_02667,0,0,838
CUST_02668,7,11,509
CUST_02669,43,11,152
CUST_02670,2,1,22
CUST_02671,39,11,29
CUST_02672,2,1,368
CUST_02673,2,0,700
CUST_02674,25,6,390
CUST_02675,26,3,309
CUST_02676,23,13,620
CUST_02677,18,6,400
CUST_02678,41,10,352
CUST_02679,3,0,571
CUST_02680,27,7,65
CUST_02681,30,2,165
CUST_02682,47,3,491
CUST_02683,48,6,652
CUST_02684,1,1,563
CUST_02685,16,9,179
CUST_02686,3,1,543
CUST_02687,38,9,725
CUST_02688,48,8,776
CUST_02689,23,8,16
CUST_02690,27,9,125
CUST_02691,11,11,5176
CUST_02692,11,11,39
CUST_02693,1,1,615
CUST_02694,22,10,218
CUST_02695,1,0,970
CUST_02696,29,13,181
CUST_02697,46,9,895
CUST_02698,33,5,437
CUST_02699,27,6,667
CUST_02700,1,1,967
CUST_02701,5,13,41316
CUST_02702,19,1,529
CUST_02703,19,4,652
CUST_02704,32,14,160
CUST_02705,2,0,910
CUST_02706,46,13,725
CUST_02707,44,1,933
CUST_02708,36,12,733
CUST_02709,0,1,773
CUST_02710,4,0,556
CUST_02711,43,7,48777
CUST_02712,42,1,353
CUST_02713,3,1,374
CUST_02714,24,10,466
CUST_02715,1,1,240
CUST_02716,12,10,736
CUST_02717,18,13,333
CUST_02718,2,1,47
CUST_02719,39,9,110
CUST_02720,49,5,936
CUST_02721,25,13,594
CUST_02722,45,6,103
CUST_02723,45,12,462
CUST_02724,0,1,73
CUST_02725,4,0,566
CUST_02726,10,3,316
CUST_02727,48,3,1
CUST_02728,0,1,753
CUST_02729,8,13,371
CUST_02730,8,13,769
CUST_02731,3,1,41634
CUST_02732,31,3,843
CUST_02733,21,4,9
CUST_02734,43,14,587
CUST_02735,42,2,422
CUST_02736,33,9,257
CUST_02737,2,0,632
CUST_02738,11,9,23300
CUST_02739,12,13,961
CUST_02740,3,0,726
CUST_02741,37,2,475
CUST_02742,36,5,244
CUST_02743,39,1,336
CUST_02744,4,0,691
CUST_02745,47,6,487
CUST_02746,20,14,852
CUST_02747,22,10,811
CUST_02748,42,10,801
CUST_02749,29,2,72
CUST_02750,38,2,720
CUST_02751,8,10,752
CUST_02752,0,1,873
CUST_02753,18,7,684
CUST_02754,5,9,927
CUST_02755,26,9,4
CUST_02756,1,0,461
CUST_02757,2,1,365
CUST_02758,0,0,494
CUST_02759,33,2,13964
CUST_02760,1,0,213
CUST_02761,13,1,958
CUST_02762,37,11,324
CUST_02763,26,11,309
CUST_02764,21,13,37
CUST_02765,27,2,904
CUST_02766,40,12,60
CUST_02767,10,3,94
CUST_02768,43,5,232
CUST_02769,33,10,788
CUST_02770,31,1,547
CUST_02771,2,1,512
CUST_02772,13,10,149
CUST_02773,28,13,470
CUST_02774,3,1,214
CUST_02775,37,13,398
CUST_02776,34,13,557
CUST_02777,44,5,576
CUST_02778,8,5,5
CUST_02779,36,4,935
CUST_02780,5,3,930
CUST_02781,38,7,80
CUST_02782,1,1,188
CUST_02783,35,7,662
CUST_02784,18,1,659
CUST_02785,30,7,28981
CUST_02786,26,3,676
CUST_02787,2,1,977
CUST_02788,37,3,134
CUST_02789,17,6,765
CUST_02790,36,6,304
CUST_02791,1,0,494
CUST_02792,26,13,723
CUST_02793,45,4,279
CUST_02794,4,1,79
CUST_02795,25,3,780
CUST_02796,38,3,859
CUST_02797,2,0,390
CUST_02798,10,5,14
CUST_02799,39,1,598
CUST_02800,31,9,918
CUST_02801,24,10,891
CUST_02802,2,1,222
CUST_02803,44,9,836
CUST_02804,18,14,602
CUST_02805,14,11,827
CUST_02806,46,7,265
CUST_02807,19,11,15963
CUST_02808,44,10,319
CUST_02809,47,10,105
CUST_02810,7,7,2844
CUST_02811,19,5,198
CUST_02812,4,0,55
CUST_02813,35,10,927
CUST_02814,15,4,406
CUST_02815,43,11,437
CUST_02816,23,11,750
CUST_02817,19,6,456
CUST_02818,3,1,476
CUST_02819,2,1,346
CUST_02820,4,1,485
CUST_02821,11,3,852
CUST_02822,18,2,362
CUST_02823,8,13,965
CUST_02824,4,0,729
CUST_02825,4,0,211
CUST_02826,29,7,700
CUST_02827,39,5,846
CUST_02828,41,13,33503
CUST_02829,31,13,613
CUST_02830,32,6,915
CUST_02831,4,1,436
CUST_02832,37,10,142
CUST_02833,0,1,284
CUST_02834,3,1,69
CUST_02835,4,0,847
CUST_02836,15,4,576
CUST_02837,44,10,957
CUST_02838,23,4,709
CUST_02839,38,12,33035
CUST_02840,27,13,309
CUST_02841,14,8,864
CUST_02842,0,0,10688
CUST_02843,5,11,59
CUST_02844,6,2,521
CUST_02845,26,2,308
CUST_02846,0,1,519
CUST_02847,28,6,381
CUST_02848,25,12,340
CUST_02849,4,0,601
CUST_02850,33,3,548
CUST_02851,18,1,977
CUST_02852,2,1,899
CUST_02853,2,1,83
CUST_02854,26,1,233
CUST_02855,0,1,761
CUST_02856,1,1,239
CUST_02857,17,12,103
CUST_02858,32,11,722
CUST_02859,34,13,224
CUST_02860,9,6,278
CUST_02861,14,14,392
CUST_02862,43,8,677
CUST_02863,13,14,18949
CUST_02864,18,2,428
CUST_02865,42,14,34489
CUST_02866,14,6,2804
CUST_02867,37,4,513
CUST_02868,15,7,175
CUST_02869,44,8,784
CUST_02870,10,14,629
CUST_02871,21,6,783
CUST_02872,40,13,365
CUST_02873,10,13,172
CUST_02874,14,1,303
CUST_02875,46,8,151
CUST_02876,9,11,350
CUST_02877,3,1,704
CUST_02878,11,9,91
CUST_02879,28,2,160
CUST_02880,46,11,105
CUST_02881,4,1,740
CUST_02882,15,6,102
CUST_02883,7,8,131
CUST_02884,0,0,768
CUST_02885,47,14,288
CUST_02886,0,0,457
CUST_02887,0,1,35428
CUST_02888,39,1,898
CUST_02889,26,8,100
CUST_02890,15,8,812
CUST_02891,12,14,20
CUST_02892,1,1,248
CUST_02893,33,6,191
CUST_02894,12,11,584
CUST_02895,27,8,312
CUST_02896,33,10,167
CUST_02897,20,13,573
CUST_02898,0,1,170
CUST_02899,12,12,632
CUST_02900,4,0,215
CUST_02901,49,14,508
CUST_02902,37,7,173
CUST_02903,46,3,967
CUST_02904,9,13,535
CUST_02905,3,0,407
CUST_02906,4,1,500
CUST_02907,3,1,137
CUST_02908,18,11,49948
CUST_02909,1,1,835
CUST_02910,2,0,56
CUST_02911,18,9,246
CUST_02912,0,1,683
CUST_02913,24,10,712
CUST_02914,26,10,842
CUST_02915,2,0,106
CUST_02916,37,10,47
CUST_02917,9,7,844
CUST_02918,22,8,922
CUST_02919,4,1,285
CUST_02920,33,4,45
CUST_02921,13,11,998
CUST_02922,45,11,395
CUST_02923,11,10,119
CUST_02924,3,0,59
CUST_02925,47,5,29107
CUST_02926,10,10,615
CUST_02927,44,10,579
CUST_02928,31,6,949
CUST_02929,8,7,496
CUST_02930,1,1,673
CUST_02931,10,13,726
CUST_02932,35,4,117
CUST_02933,3,1,236
CUST_02934,1,1,217
CUST_02935,0,1,123
CUST_02936,1,0,628
CUST_02937,2,1,262
CUST_02938,35,10,849
CUST_02939,4,1,25861
CUST_02940,11,8,707
CUST_02941,19,2,820
CUST_02942,17,14,391
CUST_02943,0,0,149
CUST_02944,23,13,245
CUST_02945,17,10,500
CUST_02946,31,10,793
CUST_02947,42,1,972
CUST_02948,37,13,190
CUST_02949,10,1,173
CUST_02950,17,9,884
CUST_02951,17,4,592
CUST_02952,3,0,28318
CUST_02953,24,7,957
CUST_02954,40,7,675
CUST_02955,41,13,808
CUST_02956,49,2,622
CUST_02957,13,2,718
CUST_02958,21,12,337
CUST_02959,39,5,410
CUST_02960,22,10,69
CUST_02961,29,1,97
CUST_02962,1,1,936
CUST_02963,27,11,516
CUST_02964,5,7,40357
CUST_02965,45,11,715
CUST_02966,42,8,412
CUST_02967,2,1,377
CUST_02968,5,8,996
CUST_02969,43,3,11
CUST_02970,14,3,408
CUST_02971,3,1,750
CUST_02972,2,0,417
CUST_02973,11,10,330
CUST_02974,42,4,982
CUST_02975,12,8,279
CUST_02976,38,1,114
CUST_02977,13,2,880
CUST_02978,29,13,209
CUST_02979,31,10,446
CUST_02980,45,10,830
CUST_02981,4,0,30592
CUST_02982,36,9,644
CUST_02983,13,2,734
CUST_02984,21,2,856
CUST_02985,39,8,10917
CUST_02986,20,5,464
CUST_02987,6,5,27
CUST_02988,47,11,192
CUST_02989,35,6,812
CUST_02990,20,8,961
CUST_02991,37,8,255
CUST_02992,25,9,944
CUST_02993,21,10,28004
CUST_02994,39,11,423
CUST_02995,1,0,705
CUST_02996,33,9,15431
CUST_02997,15,14,90
CUST_02998,4,1,647
CUST_02999,1,0,794
CUST_03000,1,0,740
CUST_03001,10,12,144
CUST_03002,6,11,451
CUST_03003,47,5,427
CUST_03004,3,1,241
CUST_03005,0,1,485
CUST_03006,8,9,30
CUST_03007,1,0,772
CUST_03008,13,6,59
CUST_03009,49,12,600
CUST_03010,2,1,475
CUST_03011,2,0,914
CUST_03012,3,0,100
CUST_03013,9,13,809
CUST_03014,39,8,790
CUST_03015,8,13,632
CUST_03016,4,1,754
CUST_03017,46,12,995
CUST_03018,17,5,32741
CUST_03019,41,11,588
CUST_03020,36,10,272
CUST_03021,49,11,881
CUST_03022,5,5,477
CUST_03023,15,8,57
CUST_03024,30,7,758
CUST_03025,1,1,982
CUST_03026,17,7,944
CUST_03027,0,1,504
CUST_03028,27,8,386
CUST_03029,1,1,460
CUST_03030,34,11,607
CUST_03031,10,5,42620
CUST_03032,3,0,290
CUST_03033,34,14,257
CUST_03034,41,11,814
CUST_03035,0,1,770
CUST_03036,10,13,245
CUST_03037,0,0,239
CUST_03038,36,13,412
CUST_03039,16,6,14107
CUST_03040,8,6,713
CUST_03041,36,5,275
CUST_03042,39,5,417
CUST_03043,20,14,206
CUST_03044,19,3,551
CUST_03045,45,12,364
CUST_03046,6,3,832
CUST_03047,0,1,345
CUST_03048,18,9,830
CUST_03049,4,1,26616
CUST_03050,2,0,159
CUST_03051,46,3,833
CUST_03052,2,0,95
CUST_03053,22,10,424
CUST_03054,8,5,924
CUST_03055,41,8,115
CUST_03056,42,6,211
CUST_03057,3,1,598
CUST_03058,33,5,306
CUST_03059,38,12,267
CUST_03060,1,1,43
CUST_03061,41,8,27070
CUST_03062,34,4,594
CUST_03063,27,5,457
CUST_03064,1,1,722
CUST_03065,0,0,857
CUST_03066,5,2,471
CUST_03067,12,12,8
CUST_03068,46,2,924
CUST_03069,19,13,668
CUST_03070,38,1,996
CUST_03071,23,6,859
CUST_03072,48,8,188
CUST_03073,3,0,380
CUST_03074,4,1,831
CUST_03075,48,14,642
CUST_03076,31,10,726
CUST_03077,24,2,114
CUST_03078,29,3,501
CUST_03079,13,6,634
CUST_03080,44,14,387
CUST_03081,1,0,36706
CUST_03082,4,1,909
CUST_03083,28,12,1085
CUST_03084,11,1,844
CUST_03085,3,1,923
CUST_03086,2,0,15439
CUST_03087,2,0,934
CUST_03088,25,9,875
CUST_03089,39,8,703
CUST_03090,9,5,443
CUST_03091,4,0,659
CUST_03092,6,1,27
CUST_03093,28,14,635
CUST_03094,0,1,991
CUST_03095,20,7,397
CUST_03096,0,0,14442
CUST_03097,34,10,586
CUST_03098,34,3,357
CUST_03099,39,9,185
CUST_03100,46,4,550
CUST_03101,3,0,233
CUST_03102,41,6,247
CUST_03103,0,1,953
CUST_03104,23,4,398
CUST_03105,1,1,328
CUST_03106,21,4,642
CUST_03107,15,14,4
CUST_03108,3,1,347
CUST_03109,12,11,937
CUST_03110,48,12,398
CUST_03111,33,12,258
CUST_03112,21,3,756
CUST_03113,3,0,418
CUST_03114,9,11,390
CUST_03115,8,3,861
CUST_03116,3,1,919
CUST_03117,15,11,926
CUST_03118,34,5,589
CUST_03119,44,1,847
CUST_03120,39,6,114
CUST_03121,48,11,3
CUST_03122,49,2,642
CUST_03123,37,12,738
CUST_03124,40,3,40126
CUST_03125,25,11,8
CUST_03126,42,1,323
CUST_03127,2,0,117
CUST_03128,9,6,466
CUST_03129,2,1,855
CUST_03130,29,10,699
CUST_03131,14,2,650
CUST_03132,23,11,462
CUST_03133,3,0,931
CUST_03134,22,9,124
CUST_03135,38,14,222
CUST_03136,2,0,327
CUST_03137,4,1,897
CUST_03138,9,12,817
CUST_03139,4,1,258
CUST_03140,13,6,66
CUST_03141,9,14,596
CUST_03142,9,10,882
CUST_03143,45,6,32013
CUST_03144,45,8,971
CUST_03145,1,0,21805
CUST_03146,11,5,633
CUST_03147,30,10,278
CUST_03148,1,1,33925
CUST_03149,38,13,588
CUST_03150,1,1,271
CUST_03151,2,1,976
CUST_03152,4,0,501
CUST_03153,2,1,657
CUST_03154,24,1,268
CUST_03155,23,4,892
CUST_03156,20,5,567
CUST_03157,8,7,217
CUST_03158,36,14,684
CUST_03159,22,6,551
CUST_03160,3,0,25110
CUST_03161,2,1,158
CUST_03162,18,13,359
CUST_03163,22,2,464
CUST_03164,14,11,543
CUST_03165,3,0,247
CUST_03166,22,2,640
CUST_03167,8,10,290
CUST_03168,36,13,35567
CUST_03169,10,12,978
CUST_03170,1,1,859
CUST_03171,10,7,65
CUST_03172,39,1,796
CUST_03173,4,0,426
CUST_03174,1,0,39360
CUST_03175,2,0,554
CUST_03176,18,8,786
CUST_03177,6,13,120
CUST_03178,44,9,191
CUST_03179,17,4,475
CUST_03180,9,5,353
CUST_03181,40,11,542
CUST_03182,40,5,6298
CUST_03183,2,1,530
CUST_03184,24,9,479
CUST_03185,2,1,796
CUST_03186,35,13,72
CUST_03187,45,10,390
CUST_03188,48,6,953
CUST_03189,1,1,75
CUST_03190,7,10,187
CUST_03191,0,0,690
CUST_03192,29,10,990
CUST_03193,2,1,337
CUST_03194,8,7,475
CUST_03195,1,0,305
CUST_03196,11,12,17907
CUST_03197,0,0,648
CUST_03198,2,0,161
CUST_03199,19,5,801
CUST_03200,3,1,46
CUST_03201,8,11,23
CUST_03202,38,5,335
CUST_03203,4,0,283
CUST_03204,48,8,173
CUST_03205,46,11,306
CUST_03206,23,5,878
CUST_03207,1,0,994
CUST_03208,31,1,773
CUST_03209,9,3,229
CUST_03210,17,7,702
CUST_03211,4,1,117
CUST_03212,4,1,52
CUST_03213,2,1,48668
CUST_03214,4,1,947
CUST_03215,5,6,571
CUST_03216,28,14,936
CUST_03217,0,0,42942
CUST_03218,2,0,771
CUST_03219,2,0,781
CUST_03220,35,7,140
CUST_03221,21,9,654
CUST_03222,34,9,112
CUST_03223,2,0,263
CUST_03224,0,0,490
CUST_03225,40,14,343
CUST_03226,11,1,522
CUST_03227,2,1,879
CUST_03228,24,4,16580
CUST_03229,18,14,472
CUST_03230,34,5,22
CUST_03231,0,1,238
CUST_03232,3,1,620
CUST_03233,45,8,262
CUST_03234,29,7,324
CUST_03235,38,1,671
CUST_03236,12,12,731
CUST_03237,24,2,683
CUST_03238,34,7,386
CUST_03239,8,3,605
CUST_03240,2,1,121
CUST_03241,31,11,299
CUST_03242,14,12,708
CUST_03243,27,14,562
CUST_03244,37,9,316
CUST_03245,15,12,818
CUST_03246,45,10,928
CUST_03247,2,1,19
CUST_03248,15,8,541
CUST_03249,1,1,888
CUST_03250,4,1,299
CUST_03251,9,11,469
CUST_03252,9,10,85
CUST_03253,4,0,741
CUST_03254,21,8,668
CUST_03255,7,12,404
CUST_03256,47,2,977
CUST_03257,1,0,28573
CUST_03258,3,1,111
CUST_03259,4,0,138
CUST_03260,27,7,9
CUST_03261,6,9,290
CUST_03262,3,1,921
CUST_03263,0,0,378
CUST_03264,3,1,881
CUST_03265,42,7,939
CUST_03266,24,1,237
CUST_03267,1,0,643
CUST_03268,31,14,329
CUST_03269,3,0,184
CUST_03270,43,13,806
CUST_03271,3,1,719
CUST_03272,37,11,761
CUST_03273,33,14,424
CUST_03274,14,1,861
CUST_03275,14,12,322
CUST_03276,16,10,481
CUST_03277,2,1,600
CUST_03278,1,1,357
CUST_03279,17,13,33853
CUST_03280,1,0,35
CUST_03281,35,8,515
CUST_03282,31,9,745
CUST_03283,10,10,329
CUST_03284,1,1,268
CUST_03285,39,10,69
CUST_03286,13,4,518
CUST_03287,1,1,667
CUST_03288,0,0,954
CUST_03289,44,14,377
CUST_03290,30,9,292
CUST_03291,1,0,910
CUST_03292,23,1,285
CUST_03293,3,0,11353
CUST_03294,45,10,585
CUST_03295,1,0,523
CUST_03296,15,2,336
CUST_03297,4,1,623
CUST_03298,33,2,541
CUST_03299,42,13,44377
CUST_03300,24,5,35
CUST_03301,25,14,22670
CUST_03302,32,9,378
CUST_03303,3,1,343
CUST_03304,44,13,229
CUST_03305,30,7,788
CUST_03306,14,2,44748
CUST_03307,4,0,799
CUST_03308,13,5,761
CUST_03309,3,1,574
CUST_03310,15,14,977
CUST_03311,14,7,28009
CUST_03312,11,7,420
CUST_03313,3,1,555
CUST_03314,20,3,660
CUST_03315,30,14,401
CUST_03316,36,1,487
CUST_03317,35,9,45
CUST_03318,36,1,686
CUST_03319,3,1,153
CUST_03320,16,14,43396
CUST_03321,31,14,644
CUST_03322,26,5,286
CUST_03323,19,8,22905
CUST_03324,1,1,844
CUST_03325,8,9,26168
CUST_03326,0,0,40606
CUST_03327,27,9,638
CUST_03328,20,10,704
CUST_03329,38,5,471
CUST_03330,26,5,268
CUST_03331,2,0,633
CUST_03332,3,0,657
CUST_03333,41,10,663
CUST_03334,48,10,156
CUST_03335,11,10,667
CUST_03336,2,0,613
CUST_03337,30,3,428
CUST_03338,2,1,884
CUST_03339,8,10,981
CUST_03340,36,3,851
CUST_03341,42,3,251
CUST_03342,13,13,266
CUST_03343,40,4,818
CUST_03344,30,9,58
CUST_03345,1,1,851
CUST_03346,24,8,616
CUST_03347,0,1,780
CUST_03348,19,6,558
CUST_03349,3,1,599
CUST_03350,1,0,170
CUST_03351,37,1,663
CUST_03352,0,0,687
CUST_03353,26,1,17586
CUST_03354,4,1,656
CUST_03355,1,1,836
CUST_03356,25,9,821
CUST_03357,16,7,733
CUST_03358,11,10,397
CUST_03359,6,1,14
CUST_03360,43,3,968
CUST_03361,45,14,461
CUST_03362,28,1,137
CUST_03363,0,1,761
CUST_03364,29,4,25822
CUST_03365,4,1,862
CUST_03366,44,9,780
CUST_03367,45,12,592
CUST_03368,46,4,576
CUST_03369,48,3,653
CUST_03370,6,14,299
CUST_03371,46,4,422
CUST_03372,39,3,418
CUST_03373,37,6,758
CUST_03374,21,1,884
CUST_03375,26,2,192
CUST_03376,5,8,282
CUST_03377,41,3,253
CUST_03378,34,4,503
CUST_03379,10,12,21698
CUST_03380,45,1,312
CUST_03381,18,3,277
CUST_03382,40,1,801
CUST_03383,37,11,904
CUST_03384,42,10,817
CUST_03385,43,5,309
CUST_03386,10,1,185
CUST_03387,0,0,867
CUST_03388,1,1,223
CUST_03389,37,7,573
CUST_03390,2,0,6623
CUST_03391,48,8,595
CUST_03392,47,9,26
CUST_03393,4,1,380
CUST_03394,1,1,319
CUST_03395,28,3,130
CUST_03396,3,1,12766
CUST_03397,3,1,522
CUST_03398,29,14,279
CUST_03399,34,7,284
CUST_03400,36,12,196
CUST_03401,1,0,736
CUST_03402,11,4,8517
CUST_03403,28,11,274
CUST_03404,13,6,67
CUST_03405,20,2,232
CUST_03406,6,7,610
CUST_03407,1,1,221
CUST_03408,38,5,452
CUST_03409,26,4,635
CUST_03410,23,2,303
CUST_03411,25,7,935
CUST_03412,16,2,613
CUST_03413,4,1,962
CUST_03414,23,9,399
CUST_03415,10,2,319
CUST_03416,46,10,263
CUST_03417,1,0,364
CUST_03418,37,3,388
CUST_03419,42,2,741
CUST_03420,17,10,29929
CUST_03421,30,3,226
CUST_03422,18,9,455
CUST_03423,49,11,12814
CUST_03424,0,1,664
CUST_03425,5,11,820
CUST_03426,49,3,304
CUST_03427,34,5,504
CUST_03428,14,12,327
CUST_03429,14,7,660
CUST_03430,32,1,818
CUST_03431,4,0,941
CUST_03432,3,0,520
CUST_03433,16,10,319
CUST_03434,0,1,735
CUST_03435,41,2,37669
CUST_03436,1,0,460
CUST_03437,4,0,534
CUST_03438,31,14,8670
CUST_03439,46,14,49984
CUST_03440,16,10,903
CUST_03441,3,0,703
CUST_03442,8,10,226
CUST_03443,4,0,565
CUST_03444,40,12,603
CUST_03445,49,3,3473
CUST_03446,18,1,819
CUST_03447,0,0,988
CUST_03448,49,1,690
CUST_03449,24,3,515
CUST_03450,49,4,32421
CUST_03451,27,11,100
CUST_03452,1,1,407
CUST_03453,38,11,404
CUST_03454,25,14,129
CUST_03455,4,1,518
CUST_03456,14,8,695
CUST_03457,2,1,21735
CUST_03458,1,0,843
CUST_03459,34,13,963
CUST_03460,4,0,34
CUST_03461,6,11,743
CUST_03462,36,9,153
CUST_03463,49,6,401
CUST_03464,21,10,63
CUST_03465,0,1,758
CUST_03466,49,10,889
CUST_03467,21,5,567
CUST_03468,18,13,228
CUST_03469,2,1,975
CUST_03470,38,1,822
CUST_03471,18,7,907
CUST_03472,21,11,252
CUST_03473,41,7,487
CUST_03474,26,10,47659
CUST_03475,0,0,563
CUST_03476,39,14,914
CUST_03477,1,0,14
CUST_03478,34,14,894
CUST_03479,41,9,853
CUST_03480,44,7,25466
CUST_03481,2,0,19932
CUST_03482,4,1,179
CUST_03483,39,12,588
CUST_03484,1,0,214
CUST_03485,45,3,734
CUST_03486,31,2,153
CUST_03487,34,9,44
CUST_03488,3,1,36031
CUST_03489,28,7,20
CUST_03490,18,1,592
CUST_03491,27,9,988
CUST_03492,13,12,564
CUST_03493,46,9,668
CUST_03494,22,10,28245
CUST_03495,43,6,981
CUST_03496,3,0,368
CUST_03497,9,14,658
CUST_03498,22,6,693
CUST_03499,37,5,36582
CUST_03500,48,11,894
CUST_03501,0,1,34116
CUST_03502,17,4,358
CUST_03503,2,1,854
CUST_03504,3,1,616
CUST_03505,5,5,513
CUST_03506,16,13,626
CUST_03507,28,4,502
CUST_03508,5,8,31
CUST_03509,1,0,357
CUST_03510,11,8,14961
CUST_03511,32,14,30456
CUST_03512,41,8,377
CUST_03513,2,1,40117
CUST_03514,4,0,495
CUST_03515,36,13,609
CUST_03516,35,9,451
CUST_03517,48,6,2709
CUST_03518,19,1,83
CUST_03519,7,7,405
CUST_03520,19,7,668
CUST_03521,47,9,106
CUST_03522,22,1,488
CUST_03523,0,1,356
CUST_03524,4,0,130
CUST_03525,3,0,37604
CUST_03526,1,1,595
CUST_03527,45,13,600
CUST_03528,3,1,225
CUST_03529,0,0,105
CUST_03530,3,0,948
CUST_03531,15,12,860
CUST_03532,3,1,30210
CUST_03533,39,1,393
CUST_03534,25,11,12516
CUST_03535,45,10,100
CUST_03536,15,11,807
CUST_03537,35,8,881
CUST_03538,5,12,147
CUST_03539,45,5,892
CUST_03540,0,1,229
CUST_03541,1,1,86
CUST_03542,36,5,522
CUST_03543,0,0,647
CUST_03544,9,13,18451
CUST_03545,47,10,803
CUST_03546,41,3,152
CUST_03547,3,1,422
CUST_03548,18,4,353
CUST_03549,48,8,878
CUST_03550,13,5,607
CUST_03551,11,6,573
CUST_03552,1,1,872
CUST_03553,4,1,982
CUST_03554,11,9,916
CUST_03555,18,8,914
CUST_03556,36,8,408
CUST_03557,12,10,86
CUST_03558,31,5,210
CUST_03559,7,5,900
CUST_03560,31,3,382
CUST_03561,34,13,594
CUST_03562,38,11,48744
CUST_03563,30,2,523
CUST_03564,41,9,870
CUST_03565,44,6,152
CUST_03566,2,1,4
CUST_03567,36,4,75
CUST_03568,45,5,410
CUST_03569,2,0,11846
CUST_03570,0,0,371
CUST_03571,46,11,82
CUST_03572,11,10,940
CUST_03573,23,4,39310
CUST_03574,37,11,471
CUST_03575,0,0,361
CUST_03576,7,14,411
CUST_03577,32,6,992
CUST_03578,18,4,34
CUST_03579,19,14,11316
CUST_03580,25,11,655
CUST_03581,0,0,907
CUST_03582,44,10,79
CUST_03583,22,3,74
CUST_03584,43,8,810
CUST_03585,24,6,283
CUST_03586,5,9,726
CUST_03587,13,5,757
CUST_03588,13,6,237
CUST_03589,47,9,336
CUST_03590,2,1,530
CUST_03591,43,10,970
CUST_03592,2,1,963
CUST_03593,2,0,8593
CUST_03594,24,10,890
CUST_03595,42,12,566
CUST_03596,45,10,82
CUST_03597,0,1,675
CUST_03598,30,11,317
CUST_03599,10,6,874
CUST_03600,43,6,678
CUST_03601,1,0,627
CUST_03602,10,14,296
CUST_03603,32,4,699
CUST_03604,13,10,13215
CUST_03605,31,6,341
CUST_03606,39,12,833
CUST_03607,10,7,954
CUST_03608,1,1,864
CUST_03609,20,14,423
CUST_03610,3,0,986
CUST_03611,27,11,18
CUST_03612,0,1,822
CUST_03613,45,7,879
CUST_03614,8,3,813
CUST_03615,3,1,3
CUST_03616,0,1,466
CUST_03617,28,7,189
CUST_03618,3,1,46701
CUST_03619,1,0,62
CUST_03620,10,14,965
CUST_03621,18,5,878
CUST_03622,3,1,780
CUST_03623,49,6,253
CUST_03624,39,11,626
CUST_03625,1,1,853
CUST_03626,27,7,771
CUST_03627,24,4,1
CUST_03628,21,2,44560
CUST_03629,24,11,40673
CUST_03630,0,1,285
CUST_03631,44,9,28736
CUST_03632,32,3,47
CUST_03633,0,1,554
CUST_03634,0,1,604
CUST_03635,49,14,940
CUST_03636,4,0,11339
CUST_03637,21,3,652
CUST_03638,39,14,46
CUST_03639,49,14,230
CUST_03640,43,14,12659
CUST_03641,41,5,283
CUST_03642,47,2,40430
CUST_03643,4,1,27
CUST_03644,22,14,410
CUST_03645,40,10,472
CUST_03646,24,14,669
CUST_03647,11,4,901
CUST_03648,40,7,221
CUST_03649,46,12,375
CUST_03650,5,12,8
CUST_03651,41,2,901
CUST_03652,39,10,412
CUST_03653,3,0,470
CUST_03654,0,0,69
CUST_03655,0,0,341
CUST_03656,33,5,65
CUST_03657,13,10,606
CUST_03658,3,0,692
CUST_03659,1,1,69
CUST_03660,29,8,35124
CUST_03661,16,7,260
CUST_03662,42,4,22889
CUST_03663,3,0,395
CUST_03664,11,13,357
CUST_03665,8,5,357
CUST_03666,3,1,391
CUST_03667,35,11,375
CUST_03668,43,4,185
CUST_03669,14,2,304
CUST_03670,27,12,63
CUST_03671,30,9,177
CUST_03672,27,1,234
CUST_03673,33,8,864
CUST_03674,1,1,761
CUST_03675,1,0,806
CUST_03676,33,3,39
CUST_03677,47,7,286
CUST_03678,1,0,258
CUST_03679,33,10,466
CUST_03680,28,12,239
CUST_03681,14,7,502
CUST_03682,18,2,583
CUST_03683,10,3,541
CUST_03684,1,1,350
CUST_03685,19,7,540
CUST_03686,1,1,3363
CUST_03687,43,3,311
CUST_03688,32,8,961
CUST_03689,6,13,598
CUST_03690,17,9,107
CUST_03691,6,2,830
CUST_03692,45,2,29
CUST_03693,3,0,308
CUST_03694,9,11,485
CUST_03695,7,8,45
CUST_03696,6,5,358
CUST_03697,18,2,136
CUST_03698,44,14,774
CUST_03699,0,1,574
CUST_03700,0,1,430
CUST_03701,1,1,555
CUST_03702,10,13,250
CUST_03703,38,9,432
CUST_03704,12,2,28600
CUST_03705,6,9,206
CUST_03706,30,2,48670
CUST_03707,21,1,445
CUST_03708,28,10,58
CUST_03709,35,6,205
CUST_03710,20,11,970
CUST_03711,25,6,330
CUST_03712,0,0,595
CUST_03713,3,1,524
CUST_03714,1,0,748
CUST_03715,0,1,157
CUST_03716,8,10,39207
CUST_03717,4,0,358
CUST_03718,8,11,851
CUST_03719,0,1,364
CUST_03720,42,13,554
CUST_03721,29,6,178
CUST_03722,12,4,357
CUST_03723,22,5,3966
CUST_03724,3,1,754
CUST_03725,11,9,548
CUST_03726,21,5,873
CUST_03727,3,0,352
CUST_03728,26,11,857
CUST_03729,19,8,363
CUST_03730,35,2,249
CUST_03731,40,12,119
CUST_03732,30,14,191
CUST_03733,18,6,806
CUST_03734,21,11,903
CUST_03735,13,11,61
CUST_03736,11,6,209
CUST_03737,0,0,806
CUST_03738,2,0,909
CUST_03739,16,14,51
CUST_03740,21,5,721
CUST_03741,13,2,312
CUST_03742,48,5,916
CUST_03743,48,1,278
CUST_03744,0,1,387
CUST_03745,31,14,201
CUST_03746,46,7,938
CUST_03747,16,4,138
CUST_03748,41,8,851
CUST_03749,24,3,18
CUST_03750,5,7,320
CUST_03751,13,14,94
CUST_03752,28,2,25616
CUST_03753,3,1,104
CUST_03754,40,8,944
CUST_03755,1,0,32045
CUST_03756,33,3,929
CUST_03757,4,1,259
CUST_03758,39,6,986
CUST_03759,20,2,38
CUST_03760,1,1,500
CUST_03761,2,1,816
CUST_03762,43,4,48836
CUST_03763,16,6,153
CUST_03764,48,2,552
CUST_03765,3,1,320
CUST_03766,29,3,121
CUST_03767,4,0,755
CUST_03768,7,1,756
CUST_03769,43,13,143
CUST_03770,28,6,185
CUST_03771,25,11,546
CUST_03772,3,0,210
CUST_03773,37,4,399
CUST_03774,12,8,32
CUST_03775,37,5,158
CUST_03776,7,10,405
CUST_03777,6,14,828
CUST_03778,42,4,363
CUST_03779,44,7,979
CUST_03780,1,1,703
CUST_03781,43,10,965
CUST_03782,28,8,162
CUST_03783,25,2,763
CUST_03784,22,13,550
CUST_03785,39,1,130
CUST_03786,15,6,95
CUST_03787,15,2,652
CUST_03788,7,11,269
CUST_03789,27,8,680
CUST_03790,0,1,903
CUST_03791,0,1,366
CUST_03792,1,1,786
CUST_03793,46,11,10312
CUST_03794,34,12,909
CUST_03795,6,5,2924
CUST_03796,21,2,433
CUST_03797,1,0,610
CUST_03798,24,8,60
CUST_03799,3,1,931
CUST_03800,1,0,322
CUST_03801,0,1,728
CUST_03802,1,0,588
CUST_03803,22,9,207
CUST_03804,3,0,347
CUST_03805,48,8,44
CUST_03806,2,1,346
CUST_03807,33,14,713
CUST_03808,12,4,721
CUST_03809,2,1,839
CUST_03810,32,4,646
CUST_03811,3,0,368
CUST_03812,24,10,533
CUST_03813,12,2,357
CUST_03814,4,1,494
CUST_03815,2,0,904
CUST_03816,44,14,59
CUST_03817,21,4,297
CUST_03818,1,0,58
CUST_03819,10,13,423
CUST_03820,21,6,230
CUST_03821,8,5,796
CUST_03822,29,10,694
CUST_03823,11,13,447
CUST_03824,21,10,25726
CUST_03825,26,7,625
CUST_03826,0,0,367
CUST_03827,10,14,553
CUST_03828,2,0,28
CUST_03829,14,11,987
CUST_03830,43,10,276
CUST_03831,18,9,608
CUST_03832,46,7,702
CUST_03833,26,1,378
CUST_03834,0,1,830
CUST_03835,30,4,985
CUST_03836,14,7,26409
CUST_03837,6,11,206
CUST_03838,7,2,705
CUST_03839,46,12,651
CUST_03840,2,1,288
CUST_03841,14,1,974
CUST_03842,2,1,492
CUST_03843,18,11,768
CUST_03844,34,5,224
CUST_03845,45,2,451
CUST_03846,3,1,27
CUST_03847,34,6,701
CUST_03848,42,6,756
CUST_03849,3,0,333
CUST_03850,5,12,372
CUST_03851,4,1,826
CUST_03852,0,0,560
CUST_03853,1,0,19449
CUST_03854,3,0,203
CUST_03855,13,3,378
CUST_03856,47,10,901
CUST_03857,30,7,114
CUST_03858,29,13,19
CUST_03859,21,13,596
CUST_03860,10,4,25569
CUST_03861,19,6,7400
CUST_03862,7,12,764
CUST_03863,35,8,51
CUST_03864,32,3,659
CUST_03865,1,1,185
CUST_03866,48,9,684
CUST_03867,3,0,352
CUST_03868,44,6,113
CUST_03869,36,5,513
CUST_03870,23,4,545
CUST_03871,9,8,7140
CUST_03872,48,10,23542
CUST_03873,10,9,169
CUST_03874,16,12,605
CUST_03875,46,9,22324
CUST_03876,21,5,320
CUST_03877,43,5,365
CUST_03878,11,11,519
CUST_03879,2,1,832
CUST_03880,38,9,109
CUST_03881,3,0,905
CUST_03882,18,12,42280
CUST_03883,22,3,562
CUST_03884,47,7,952
CUST_03885,13,7,679
CUST_03886,43,5,577
CUST_03887,3,0,542
CUST_03888,18,4,958
CUST_03889,15,8,323
CUST_03890,34,4,951
CUST_03891,44,10,11
CUST_03892,47,6,798
CUST_03893,31,5,22
CUST_03894,33,12,160
CUST_03895,36,14,263
CUST_03896,34,10,701
CUST_03897,30,6,379
CUST_03898,34,3,752
CUST_03899,14,13,79
CUST_03900,16,3,270
CUST_03901,4,1,424
CUST_03902,4,1,615
CUST_03903,0,1,435
CUST_03904,2,1,921
CUST_03905,0,1,77
CUST_03906,49,1,523
CUST_03907,1,1,794
CUST_03908,1,1,110
CUST_03909,0,1,990
CUST_03910,45,6,25432
CUST_03911,22,14,413
CUST_03912,3,1,259
CUST_03913,26,1,821
CUST_03914,3,1,17553
CUST_03915,44,4,929
CUST_03916,27,2,707
CUST_03917,2,1,851
CUST_03918,4,1,183
CUST_03919,28,8,657
CUST_03920,1,1,174
CUST_03921,49,4,711
CUST_03922,29,2,699
CUST_03923,48,12,617
CUST_03924,33,13,954
CUST_03925,20,5,385
CUST_03926,44,9,9714
CUST_03927,10,7,584
CUST_03928,12,4,271
CUST_03929,1,0,725
CUST_03930,22,8,3706
CUST_03931,47,11,651
CUST_03932,36,13,900
CUST_03933,4,1,166
CUST_03934,3,1,142
CUST_03935,27,6,492
CUST_03936,0,0,71
CUST_03937,1,0,343
CUST_03938,38,6,498
CUST_03939,42,8,146
CUST_03940,21,13,612
CUST_03941,48,11,500
CUST_03942,9,5,337
CUST_03943,6,1,84
CUST_03944,45,4,816
CUST_03945,0,0,890
CUST_03946,24,2,806
CUST_03947,3,0,845
CUST_03948,32,13,142
CUST_03949,22,13,890
CUST_03950,48,7,310
CUST_03951,43,8,368
CUST_03952,1,0,40581
CUST_03953,19,5,28351
CUST_03954,43,1,812
CUST_03955,0,1,970
CUST_03956,2,1,440
CUST_03957,7,11,66
CUST_03958,23,8,733
CUST_03959,27,13,773
CUST_03960,23,10,29967
CUST_03961,22,2,926
CUST_03962,34,11,533
CUST_03963,43,9,340
CUST_03964,23,11,677
CUST_03965,3,0,101
CUST_03966,2,0,313
CUST_03967,38,1,965
CUST_03968,28,9,924
CUST_03969,22,8,951
CUST_03970,2,1,109
CUST_03971,40,1,906
CUST_03972,0,0,431
CUST_03973,1,0,341
CUST_03974,1,1,32114
CUST_03975,45,5,178
CUST_03976,42,13,678
CUST_03977,40,6,133
CUST_03978,42,4,29
CUST_03979,4,0,40369
CUST_03980,26,9,472
CUST_03981,33,13,995
CUST_03982,1,0,384
CUST_03983,31,14,597
CUST_03984,48,1,8
CUST_03985,4,0,940
CUST_03986,44,9,135
CUST_03987,21,3,10992
CUST_03988,3,0,975
CUST_03989,7,2,978
CUST_03990,8,4,647
CUST_03991,44,4,651
CUST_03992,20,9,42
CUST_03993,15,4,104
CUST_03994,0,0,823
CUST_03995,0,0,30
CUST_03996,35,4,681
CUST_03997,4,0,672
CUST_03998,4,0,786
CUST_03999,43,2,764
CUST_04000,5,3,218
CUST_04001,6,4,983
CUST_04002,0,1,112
CUST_04003,49,13,731
CUST_04004,4,1,694
CUST_04005,7,10,259
CUST_04006,1,0,11
CUST_04007,20,11,470
CUST_04008,2,1,339
CUST_04009,4,1,871
CUST_04010,39,11,923
CUST_04011,26,8,245
CUST_04012,36,8,249
CUST_04013,1,0,26233
CUST_04014,10,4,43824
CUST_04015,15,7,303
CUST_04016,2,1,887
CUST_04017,25,14,891
CUST_04018,26,3,512
CUST_04019,0,0,360
CUST_04020,25,14,49465
CUST_04021,49,6,44415
CUST_04022,24,1,15924
CUST_04023,13,9,606
CUST_04024,31,12,488
CUST_04025,33,2,293
CUST_04026,47,13,508
CUST_04027,37,3,520
CUST_04028,49,5,773
CUST_04029,5,3,325
CUST_04030,7,3,252
CUST_04031,36,8,307
CUST_04032,24,14,322
CUST_04033,21,4,607
CUST_04034,3,1,866
CUST_04035,2,0,911
CUST_04036,14,10,641
CUST_04037,4,0,35
CUST_04038,4,1,616
CUST_04039,33,2,710
CUST_04040,4,0,290
CUST_04041,36,11,887
CUST_04042,17,12,14057
CUST_04043,35,8,940
CUST_04044,0,0,941
CUST_04045,22,14,604
CUST_04046,15,2,488
CUST_04047,46,3,960
CUST_04048,22,3,28982
CUST_04049,45,1,384
CUST_04050,41,3,45505
CUST_04051,37,3,952
CUST_04052,3,1,966
CUST_04053,7,13,706
CUST_04054,5,8,255
CUST_04055,23,9,867
CUST_04056,10,1,358
CUST_04057,14,1,542
CUST_04058,41,6,24
CUST_04059,16,1,814
CUST_04060,48,12,951
CUST_04061,21,5,983
CUST_04062,31,14,0
CUST_04063,6,12,357
CUST_04064,29,1,117
CUST_04065,48,13,478
CUST_04066,32,8,676
CUST_04067,2,0,458
CUST_04068,41,5,6555
CUST_04069,41,6,194
CUST_04070,21,4,651
CUST_04071,9,13,19
CUST_04072,2,1,285
CUST_04073,0,1,457
CUST_04074,3,0,742
CUST_04075,47,9,447
CUST_04076,42,1,590
CUST_04077,49,14,639
CUST_04078,0,0,84
CUST_04079,3,1,575
CUST_04080,36,13,273
CUST_04081,41,13,799
CUST_04082,31,10,402
CUST_04083,0,1,252
CUST_04084,46,8,13552
CUST_04085,15,7,800
CUST_04086,45,1,957
CUST_04087,17,1,661
CUST_04088,3,1,364
CUST_04089,2,0,668
CUST_04090,2,0,727
CUST_04091,1,1,259
CUST_04092,41,9,433
CUST_04093,34,5,971
CUST_04094,30,1,611
CUST_04095,20,7,121
CUST_04096,15,10,36132
CUST_04097,8,2,516
CUST_04098,45,3,978
CUST_04099,19,4,17300
CUST_04100,4,0,678
CUST_04101,0,1,568
CUST_04102,8,9,542
CUST_04103,39,12,518
CUST_04104,1,1,11
CUST_04105,1,0,9
CUST_04106,6,1,48054
CUST_04107,43,13,724
CUST_04108,32,6,140
CUST_04109,38,1,982
CUST_04110,0,1,638
CUST_04111,12,7,709
CUST_04112,12,13,5042
CUST_04113,46,12,136
CUST_04114,26,1,16329
CUST_04115,31,9,599
CUST_04116,32,12,399
CUST_04117,15,11,442
CUST_04118,31,9,441
CUST_04119,5,6,5368
CUST_04120,43,14,675
CUST_04121,32,2,760
CUST_04122,31,2,512
CUST_04123,12,9,276
CUST_04124,28,13,683
CUST_04125,4,0,355
CUST_04126,1,1,932
CUST_04127,28,4,773
CUST_04128,4,1,653
CUST_04129,26,13,92
CUST_04130,14,10,640
CUST_04131,8,2,135
CUST_04132,12,4,110
CUST_04133,43,2,43
CUST_04134,19,3,890
CUST_04135,3,1,210
CUST_04136,33,14,342
CUST_04137,46,8,358
CUST_04138,43,5,360
CUST_04139,39,5,330
CUST_04140,4,1,410
CUST_04141,18,11,758
CUST_04142,4,1,507
CUST_04143,11,13,231
CUST_04144,48,7,803
CUST_04145,37,5,169
CUST_04146,39,7,403
CUST_04147,31,13,5174
CUST_04148,5,1,519
CUST_04149,10,3,301
CUST_04150,6,3,99
CUST_04151,4,0,252
CUST_04152,0,1,307
CUST_04153,49,3,793
CUST_04154,0,0,802
CUST_04155,20,3,699
CUST_04156,33,7,386
CUST_04157,35,4,122
CUST_04158,26,5,131
CUST_04159,14,14,235
CUST_04160,8,7,42307
CUST_04161,2,0,61
CUST_04162,0,0,26966
CUST_04163,21,6,689
CUST_04164,44,9,731
CUST_04165,12,6,402
CUST_04166,27,5,170
CUST_04167,11,12,475
CUST_04168,36,14,593
CUST_04169,28,13,13
CUST_04170,2,1,269
CUST_04171,40,8,53
CUST_04172,4,0,412
CUST_04173,10,5,130
CUST_04174,46,3,609
CUST_04175,35,10,712
CUST_04176,16,12,871
CUST_04177,30,2,772
CUST_04178,29,1,10182
CUST_04179,8,9,516
CUST_04180,10,5,628
CUST_04181,17,10,300
CUST_04182,29,12,703
CUST_04183,4,1,959
CUST_04184,0,0,938
CUST_04185,1,0,426
CUST_04186,25,4,115
CUST_04187,19,11,235
CUST_04188,7,2,562
CUST_04189,4,1,12
CUST_04190,49,8,217
CUST_04191,30,12,328
CUST_04192,21,4,67
CUST_04193,4,1,6751
CUST_04194,39,12,990
CUST_04195,0,1,836
CUST_04196,12,9,390
CUST_04197,3,0,91
CUST_04198,28,4,103
CUST_04199,4,0,589
CUST_04200,1,1,983
CUST_04201,34,7,425
CUST_04202,1,0,613
CUST_04203,38,10,772
CUST_04204,24,12,942
CUST_04205,40,10,37666
CUST_04206,38,13,378
CUST_04207,38,7,737
CUST_04208,17,14,347
CUST_04209,2,0,174
CUST_04210,40,4,391
CUST_04211,3,1,404
CUST_04212,0,0,38907
CUST_04213,35,13,629
CUST_04214,7,3,791
CUST_04215,32,5,652
CUST_04216,0,1,624
CUST_04217,21,3,36282
CUST_04218,42,10,248
CUST_04219,2,0,31312
CUST_04220,24,5,88
CUST_04221,1,1,876
CUST_04222,9,6,820
CUST_04223,4,1,731
CUST_04224,1,0,998
CUST_04225,3,0,22721
CUST_04226,35,12,414
CUST_04227,32,13,454
CUST_04228,2,0,562
CUST_04229,6,14,510
CUST_04230,37,13,174
CUST_04231,44,10,934
CUST_04232,33,4,49699
CUST_04233,8,3,628
CUST_04234,4,1,312
CUST_04235,28,8,945
CUST_04236,36,3,370
CUST_04237,4,0,312
CUST_04238,2,0,802
CUST_04239,25,5,503
CUST_04240,1,0,85
CUST_04241,0,1,646
CUST_04242,37,13,820
CUST_04243,35,7,265
CUST_04244,49,10,219
CUST_04245,0,1,294
CUST_04246,2,1,697
CUST_04247,9,2,505
CUST_04248,0,0,988
CUST_04249,41,11,162
CUST_04250,40,13,126
CUST_04251,25,10,826
CUST_04252,16,14,116
CUST_04253,1,0,405
CUST_04254,18,7,42497
CUST_04255,47,11,767
CUST_04256,46,1,355
CUST_04257,14,10,7960
CUST_04258,1,1,989
CUST_04259,45,14,221
CUST_04260,3,0,35339
CUST_04261,18,1,36783
CUST_04262,11,12,894
CUST_04263,2,1,862
CUST_04264,24,9,149
CUST_04265,2,1,235
CUST_04266,1,0,14819
CUST_04267,40,4,167
CUST_04268,9,4,494
CUST_04269,17,5,411
CUST_04270,43,9,941
CUST_04271,3,0,68
CUST_04272,0,0,720
CUST_04273,10,10,563
CUST_04274,0,1,266
CUST_04275,0,0,149
CUST_04276,2,0,814
CUST_04277,45,9,856
CUST_04278,32,6,524
CUST_04279,4,1,381
CUST_04280,2,1,13452
CUST_04281,19,6,373
CUST_04282,1,1,684
CUST_04283,44,10,505
CUST_04284,27,1,39475
CUST_04285,3,0,586
CUST_04286,46,3,324
CUST_04287,20,1,888
CUST_04288,8,1,249
CUST_04289,12,5,44878
CUST_04290,40,14,789
CUST_04291,14,10,450
CUST_04292,4,0,753
CUST_04293,1,1,930
CUST_04294,20,2,927
CUST_04295,34,12,421
CUST_04296,48,4,20464
CUST_04297,3,1,935
CUST_04298,15,11,215
CUST_04299,38,12,731
CUST_04300,20,12,20
CUST_04301,23,7,304
CUST_04302,48,8,352
CUST_04303,4,1,603
CUST_04304,1,1,806
CUST_04305,35,7,444
CUST_04306,39,9,611
CUST_04307,38,7,265
CUST_04308,30,4,996
CUST_04309,43,9,167
CUST_04310,10,9,57
CUST_04311,37,3,600
CUST_04312,31,10,684
CUST_04313,16,14,656
CUST_04314,2,1,632
CUST_04315,12,1,48373
CUST_04316,3,1,323
CUST_04317,2,1,11961
CUST_04318,1,1,884
CUST_04319,11,8,61
CUST_04320,22,6,88
CUST_04321,44,8,415
CUST_04322,28,14,35337
CUST_04323,1,1,681
CUST_04324,14,8,684
CUST_04325,3,0,75
CUST_04326,48,3,404
CUST_04327,16,7,364
CUST_04328,26,3,922
CUST_04329,31,13,895
CUST_04330,0,0,669
CUST_04331,22,2,841
CUST_04332,9,6,724
CUST_04333,18,2,384
CUST_04334,29,14,8
CUST_04335,3,1,514
CUST_04336,4,1,368
CUST_04337,42,2,308
CUST_04338,24,4,169
CUST_04339,18,14,146
CUST_04340,4,1,517
CUST_04341,4,1,902
CUST_04342,34,5,682
CUST_04343,47,4,79
CUST_04344,45,2,803
CUST_04345,24,11,25105
CUST_04346,11,8,465
CUST_04347,9,13,735
CUST_04348,35,12,863
CUST_04349,4,0,977
CUST_04350,19,11,806
CUST_04351,29,8,554
CUST_04352,17,10,932
CUST_04353,48,14,756
CUST_04354,28,4,40919
CUST_04355,19,12,561
CUST_04356,28,5,294
CUST_04357,2,0,129
CUST_04358,23,1,892
CUST_04359,28,2,763
CUST_04360,3,1,164
CUST_04361,46,8,612
CUST_04362,21,1,882
CUST_04363,9,3,449
CUST_04364,0,0,33421
CUST_04365,26,10,506
CUST_04366,14,5,68
CUST_04367,25,12,555
CUST_04368,29,4,908
CUST_04369,10,4,661
CUST_04370,2,1,499
CUST_04371,33,4,134
CUST_04372,15,11,897
CUST_04373,1,1,829
CUST_04374,4,0,26132
CUST_04375,2,1,973
CUST_04376,26,2,344
CUST_04377,32,13,729
CUST_04378,4,0,900
CUST_04379,41,4,659
CUST_04380,23,14,637
CUST_04381,3,0,760
CUST_04382,44,7,53
CUST_04383,40,1,331
CUST_04384,27,10,958
CUST_04385,0,1,419
CUST_04386,15,9,35662
CUST_04387,2,0,720
CUST_04388,17,11,655
CUST_04389,28,6,312
CUST_04390,20,14,39449
CUST_04391,32,2,137
CUST_04392,34,6,354
CUST_04393,48,5,501
CUST_04394,0,1,224
CUST_04395,43,12,613
CUST_04396,46,1,2698
CUST_04397,31,5,306
CUST_04398,4,0,794
CUST_04399,30,9,37194
CUST_04400,11,12,90
CUST_04401,0,0,808
CUST_04402,19,6,46384
CUST_04403,20,3,203
CUST_04404,25,1,893
CUST_04405,21,11,749
CUST_04406,49,3,608
CUST_04407,30,2,632
CUST_04408,2,1,908
CUST_04409,24,12,116
CUST_04410,24,12,65
CUST_04411,27,12,130
CUST_04412,9,8,778
CUST_04413,13,3,900
CUST_04414,27,11,18341
CUST_04415,4,0,385
CUST_04416,33,10,91
CUST_04417,15,6,76
CUST_04418,3,1,749
CUST_04419,12,11,251
CUST_04420,3,0,47784
CUST_04421,4,0,871
CUST_04422,0,1,319
CUST_04423,1,0,652
CUST_04424,14,4,53
CUST_04425,3,0,651
CUST_04426,1,1,657
CUST_04427,2,1,785
CUST_04428,41,5,144
CUST_04429,0,0,678
CUST_04430,4,1,85
CUST_04431,0,1,140
CUST_04432,24,1,44
CUST_04433,12,5,639
CUST_04434,3,0,869
CUST_04435,41,12,116
CUST_04436,45,3,146
CUST_04437,4,1,983
CUST_04438,39,10,658
CUST_04439,48,5,20
CUST_04440,43,7,535
CUST_04441,19,14,11117
CUST_04442,16,1,25686
CUST_04443,38,6,47
CUST_04444,12,12,418
CUST_04445,41,14,109
CUST_04446,3,0,570
CUST_04447,7,6,997
CUST_04448,34,4,3412
CUST_04449,33,11,303
CUST_04450,1,1,481
CUST_04451,0,1,566
CUST_04452,46,14,136
CUST_04453,35,14,76
CUST_04454,14,6,269
CUST_04455,1,1,921
CUST_04456,47,12,691
CUST_04457,30,6,84
CUST_04458,16,4,811
CUST_04459,2,0,47282
CUST_04460,9,12,650
CUST_04461,2,1,818
CUST_04462,15,9,681
CUST_04463,27,8,241
CUST_04464,21,14,957
CUST_04465,47,7,930
CUST_04466,0,1,63
CUST_04467,21,13,239
CUST_04468,27,7,94
CUST_04469,43,1,657
CUST_04470,13,8,20607
CUST_04471,22,5,887
CUST_04472,1,0,46254
CUST_04473,34,7,452
CUST_04474,46,8,41749
CUST_04475,48,7,916
CUST_04476,30,6,397
CUST_04477,22,12,770
CUST_04478,25,6,670
CUST_04479,45,5,728
CUST_04480,45,5,302
CUST_04481,0,1,427
CUST_04482,37,7,16
CUST_04483,47,13,985
CUST_04484,18,12,80
CUST_04485,1,0,183
CUST_04486,32,14,466
CUST_04487,4,0,44336
CUST_04488,23,5,70
CUST_04489,30,3,89
CUST_04490,14,8,708
CUST_04491,4,0,641
CUST_04492,38,11,591
CUST_04493,18,13,957
CUST_04494,30,10,40467
CUST_04495,0,1,202
CUST_04496,23,1,230
CUST_04497,28,14,598
CUST_04498,35,11,738
CUST_04499,44,4,5
CUST_04500,10,9,356
CUST_04501,24,5,448
CUST_04502,3,1,736
CUST_04503,49,4,145
CUST_04504,38,12,54
CUST_04505,26,6,66
CUST_04506,11,7,696
CUST_04507,37,7,146
CUST_04508,10,8,585
CUST_04509,20,5,979
CUST_04510,4,1,650
CUST_04511,1,0,735
CUST_04512,27,11,231
CUST_04513,22,2,467
CUST_04514,18,14,694
CUST_04515,40,12,95
CUST_04516,19,10,490
CUST_04517,9,12,932
CUST_04518,19,2,853
CUST_04519,15,14,247
CUST_04520,1,0,131
CUST_04521,4,0,524
CUST_04522,2,0,69
CUST_04523,22,6,348
CUST_04524,8,3,441
CUST_04525,0,1,255
CUST_04526,4,1,385
CUST_04527,7,4,504
CUST_04528,36,9,699
CUST_04529,40,10,40751
CUST_04530,25,8,415
CUST_04531,10,13,30246
CUST_04532,3,0,315
CUST_04533,4,1,665
CUST_04534,16,13,985
CUST_04535,48,13,997
CUST_04536,28,9,661
CUST_04537,18,2,329
CUST_04538,45,3,982
CUST_04539,16,1,131
CUST_04540,1,1,143
CUST_04541,14,2,246
CUST_04542,47,7,62
CUST_04543,2,1,681
CUST_04544,2,1,928
CUST_04545,3,0,908
CUST_04546,20,2,25354
CUST_04547,3,1,502
CUST_04548,26,12,235
CUST_04549,1,1,396
CUST_04550,35,12,800
CUST_04551,3,0,122
CUST_04552,38,11,269
CUST_04553,16,8,7
CUST_04554,4,1,729
CUST_04555,0,0,341
CUST_04556,16,12,46832
CUST_04557,0,0,637
CUST_04558,27,9,896
CUST_04559,5,6,314
CUST_04560,0,0,827
CUST_04561,6,2,560
CUST_04562,48,9,335
CUST_04563,35,5,747
CUST_04564,6,6,36218
CUST_04565,29,1,828
CUST_04566,42,12,255
CUST_04567,0,0,115
CUST_04568,32,14,790
CUST_04569,10,2,388
CUST_04570,43,1,84
CUST_04571,1,0,631
CUST_04572,21,2,895
CUST_04573,10,13,49
CUST_04574,0,1,163
CUST_04575,26,3,147
CUST_04576,45,4,554
CUST_04577,4,1,135
CUST_04578,9,3,757
CUST_04579,27,2,217
CUST_04580,1,0,936
CUST_04581,3,0,505
CUST_04582,14,10,792
CUST_04583,8,13,371
CUST_04584,4,0,233
CUST_04585,14,2,774
CUST_04586,34,5,114
CUST_04587,28,7,853
CUST_04588,9,9,188
CUST_04589,3,0,416
CUST_04590,40,3,196
CUST_04591,2,0,549
CUST_04592,3,1,523
CUST_04593,2,1,635
CUST_04594,4,1,555
CUST_04595,4,1,820
CUST_04596,47,7,13
CUST_04597,8,12,966
CUST_04598,2,0,859
CUST_04599,30,6,563
CUST_04600,48,6,244
CUST_04601,46,4,691
CUST_04602,14,8,301
CUST_04603,0,0,463
CUST_04604,46,12,936
CUST_04605,13,5,641
CUST_04606,1,1,432
CUST_04607,20,13,990
CUST_04608,2,0,611
CUST_04609,42,13,461
CUST_04610,18,12,877
CUST_04611,44,4,283
CUST_04612,27,6,622
CUST_04613,0,0,799
CUST_04614,32,6,603
CUST_04615,0,1,587
CUST_04616,5,11,716
CUST_04617,16,11,533
CUST_04618,31,6,681
CUST_04619,47,14,367
CUST_04620,17,14,156
CUST_04621,0,1,733
CUST_04622,29,3,462
CUST_04623,10,13,871
CUST_04624,49,8,579
CUST_04625,4,1,160
CUST_04626,49,11,173
CUST_04627,42,2,904
CUST_04628,0,1,498
CUST_04629,7,11,549
CUST_04630,19,8,335
CUST_04631,15,11,25
CUST_04632,38,4,765
CUST_04633,31,6,503
CUST_04634,27,8,298
CUST_04635,21,5,436
CUST_04636,3,0,794
CUST_04637,0,0,758
CUST_04638,25,6,10
CUST_04639,37,12,237
CUST_04640,9,13,13613
CUST_04641,0,0,409
CUST_04642,0,0,43309
CUST_04643,2,1,312
CUST_04644,7,5,0
CUST_04645,3,1,522
CUST_04646,0,1,669
CUST_04647,20,12,87
CUST_04648,48,13,241
CUST_04649,45,11,131
CUST_04650,18,5,597
CUST_04651,48,1,621
CUST_04652,30,5,327
CUST_04653,31,10,110
CUST_04654,21,8,719
CUST_04655,48,3,288
CUST_04656,1,1,416
CUST_04657,21,9,73
CUST_04658,3,0,833
CUST_04659,3,0,760
CUST_04660,0,0,107
CUST_04661,0,0,515
CUST_04662,15,1,726
CUST_04663,34,14,690
CUST_04664,22,10,666
CUST_04665,3,1,800
CUST_04666,38,5,736
CUST_04667,45,5,104
CUST_04668,3,1,381
CUST_04669,2,0,45984
CUST_04670,48,1,76
CUST_04671,2,0,202
CUST_04672,49,12,8008
CUST_04673,20,2,500
CUST_04674,35,1,40081
CUST_04675,1,1,799
CUST_04676,17,8,706
CUST_04677,27,12,371
CUST_04678,3,0,204
CUST_04679,43,4,411
CUST_04680,3,0,213
CUST_04681,16,8,440
CUST_04682,2,0,530
CUST_04683,36,5,670
CUST_04684,28,6,211
CUST_04685,3,0,18568
CUST_04686,4,0,510
CUST_04687,46,6,87
CUST_04688,22,3,671
CUST_04689,7,4,8
CUST_04690,0,0,690
CUST_04691,17,8,82
CUST_04692,46,13,662
CUST_04693,1,1,24
CUST_04694,6,14,224
CUST_04695,4,0,496
CUST_04696,8,4,429
CUST_04697,9,14,427
CUST_04698,43,3,193
CUST_04699,45,11,117
CUST_04700,9,8,834
CUST_04701,12,6,894
CUST_04702,38,12,48180
CUST_04703,0,0,759
CUST_04704,31,9,996
CUST_04705,0,1,994
CUST_04706,40,10,24135
CUST_04707,36,11,151
CUST_04708,25,9,55
CUST_04709,22,10,817
CUST_04710,6,1,356
CUST_04711,46,12,258
CUST_04712,9,14,534
CUST_04713,3,0,673
CUST_04714,46,9,776
CUST_04715,42,4,593
CUST_04716,32,10,570
CUST_04717,35,12,577
CUST_04718,48,2,405
CUST_04719,2,1,114
CUST_04720,37,14,802
CUST_04721,1,0,926
CUST_04722,16,14,12403
CUST_04723,3,1,753
CUST_04724,13,5,333
CUST_04725,19,11,620
CUST_04726,27,5,815
CUST_04727,48,8,10921
CUST_04728,4,0,987
CUST_04729,26,3,330
CUST_04730,40,9,40837
CUST_04731,14,8,724
CUST_04732,32,9,982
CUST_04733,39,4,503
CUST_04734,33,13,87
CUST_04735,9,8,29870
CUST_04736,8,11,573
CUST_04737,19,3,2455
CUST_04738,34,5,14682
CUST_04739,30,14,382
CUST_04740,27,7,623
CUST_04741,43,1,523
CUST_04742,1,1,564
CUST_04743,1,0,147
CUST_04744,3,1,505
CUST_04745,22,4,645
CUST_04746,39,1,32635
CUST_04747,37,8,397
CUST_04748,11,2,183
CUST_04749,38,11,168
CUST_04750,2,1,560
CUST_04751,0,1,107
CUST_04752,29,14,192
CUST_04753,48,6,851
CUST_04754,3,0,213
CUST_04755,2,0,359
CUST_04756,2,0,94
CUST_04757,25,11,44037
CUST_04758,45,1,155
CUST_04759,23,3,523
CUST_04760,4,0,271
CUST_04761,43,8,736
CUST_04762,47,6,162
CUST_04763,27,2,21880
CUST_04764,0,0,835
CUST_04765,46,14,905
CUST_04766,2,1,737
CUST_04767,32,4,764
CUST_04768,0,1,744
CUST_04769,1,0,770
CUST_04770,7,12,798
CUST_04771,4,1,179
CUST_04772,45,8,222
CUST_04773,1,1,115
CUST_04774,1,1,960
CUST_04775,12,8,31177
CUST_04776,30,13,772
CUST_04777,42,8,65
CUST_04778,2,0,526
CUST_04779,4,1,448
CUST_04780,48,13,148
CUST_04781,1,0,100
CUST_04782,45,7,966
CUST_04783,47,12,266
CUST_04784,42,8,729
CUST_04785,6,4,553
CUST_04786,11,14,65
CUST_04787,45,9,349
CUST_04788,29,11,828
CUST_04789,36,6,827
CUST_04790,16,12,909
CUST_04791,1,0,119
CUST_04792,14,13,244
CUST_04793,4,0,388
CUST_04794,48,12,286
CUST_04795,4,1,47
CUST_04796,4,1,17742
CUST_04797,3,0,2500
CUST_04798,48,13,766
CUST_04799,0,1,31117
CUST_04800,47,1,969
CUST_04801,18,1,350
CUST_04802,0,0,154
CUST_04803,1,0,337
CUST_04804,1,1,260
CUST_04805,0,0,528
CUST_04806,37,14,40062
CUST_04807,24,2,964
CUST_04808,34,1,884
CUST_04809,46,7,35832
CUST_04810,4,0,165
CUST_04811,24,1,378
CUST_04812,5,12,437
CUST_04813,2,0,47
CUST_04814,29,14,228
CUST_04815,37,10,724
CUST_04816,27,12,727
CUST_04817,15,9,989
CUST_04818,48,6,975
CUST_04819,3,1,816
CUST_04820,1,1,680
CUST_04821,5,3,21
CUST_04822,4,1,33212
CUST_04823,10,7,961
CUST_04824,1,0,274
CUST_04825,30,9,46663
CUST_04826,7,5,868
CUST_04827,10,1,897
CUST_04828,44,5,714
CUST_04829,29,8,544
CUST_04830,21,8,968
CUST_04831,4,0,954
CUST_04832,36,4,88
CUST_04833,2,0,645
CUST_04834,2,0,8353
CUST_04835,45,8,26
CUST_04836,2,1,455
CUST_04837,36,6,940
CUST_04838,30,4,30
CUST_04839,4,1,602
CUST_04840,23,13,43267
CUST_04841,45,9,14930
CUST_04842,1,0,680
CUST_04843,42,2,558
CUST_04844,0,0,964
CUST_04845,1,1,2218
CUST_04846,25,12,513
CUST_04847,4,1,398
CUST_04848,46,3,990
CUST_04849,43,4,531
CUST_04850,0,0,25384
CUST_04851,1,1,617
CUST_04852,1,0,806
CUST_04853,0,0,329
CUST_04854,10,8,601
CUST_04855,2,0,137
CUST_04856,30,8,679
CUST_04857,21,8,652
CUST_04858,44,10,724
CUST_04859,1,0,481
CUST_04860,25,2,299
CUST_04861,11,5,40324
CUST_04862,1,1,456
CUST_04863,24,12,541
CUST_04864,7,6,384
CUST_04865,40,2,820
CUST_04866,47,4,44265
CUST_04867,0,0,43
CUST_04868,23,8,546
CUST_04869,1,0,983
CUST_04870,15,1,423
CUST_04871,17,3,44
CUST_04872,37,4,955
CUST_04873,42,2,379
CUST_04874,6,12,496
CUST_04875,27,2,883
CUST_04876,24,6,891
CUST_04877,34,6,26008
CUST_04878,0,0,22932
CUST_04879,6,8,558
CUST_04880,4,0,407
CUST_04881,29,3,184
CUST_04882,8,2,488
CUST_04883,5,5,17
CUST_04884,3,0,696
CUST_04885,18,7,71
CUST_04886,15,1,634
CUST_04887,28,2,941
CUST_04888,4,1,170
CUST_04889,36,8,76
CUST_04890,0,1,399
CUST_04891,32,6,909
CUST_04892,4,1,520
CUST_04893,46,13,200
CUST_04894,43,13,754
CUST_04895,20,13,580
CUST_04896,4,1,238
CUST_04897,16,4,316
CUST_04898,2,0,522
CUST_04899,38,3,914
CUST_04900,42,12,319
CUST_04901,24,14,549
CUST_04902,19,4,521
CUST_04903,0,1,527
CUST_04904,4,1,476
CUST_04905,4,0,324
CUST_04906,7,7,465
CUST_04907,5,1,754
CUST_04908,2,1,758
CUST_04909,42,3,41
CUST_04910,21,9,233
CUST_04911,45,6,555
CUST_04912,1,1,436
CUST_04913,1,0,930
CUST_04914,4,0,675
CUST_04915,6,9,661
CUST_04916,6,14,279
CUST_04917,47,12,203
CUST_04918,29,3,742
CUST_04919,2,0,907
CUST_04920,30,13,802
CUST_04921,39,6,305
CUST_04922,32,12,850
CUST_04923,2,1,996
CUST_04924,22,3,845
CUST_04925,1,1,23720
CUST_04926,45,1,509
CUST_04927,13,3,295
CUST_04928,1,0,21
CUST_04929,34,14,11414
CUST_04930,7,6,1111
CUST_04931,38,10,842
CUST_04932,37,14,577
CUST_04933,31,7,393
CUST_04934,13,3,426
CUST_04935,2,0,452
CUST_04936,34,11,506
CUST_04937,0,0,605
CUST_04938,4,0,212
CUST_04939,4,0,240
CUST_04940,1,1,992
CUST_04941,31,1,408
CUST_04942,19,1,621
CUST_04943,0,1,558
CUST_04944,7,10,902
CUST_04945,45,7,871
CUST_04946,5,4,667
CUST_04947,5,1,591
CUST_04948,10,6,44
CUST_04949,15,11,868
CUST_04950,20,12,706
CUST_04951,4,1,25852
CUST_04952,28,10,722
CUST_04953,4,1,779
CUST_04954,14,6,594
CUST_04955,4,1,112
CUST_04956,14,6,6931
CUST_04957,17,8,506
CUST_04958,5,14,642
CUST_04959,39,6,828
CUST_04960,2,1,449
CUST_04961,0,1,567
CUST_04962,42,13,889
CUST_04963,5,10,749
CUST_04964,24,14,4985
CUST_04965,9,13,853
CUST_04966,44,4,30941
CUST_04967,4,1,208
CUST_04968,36,11,289
CUST_04969,5,3,7549
CUST_04970,49,8,23530
CUST_04971,2,1,718
CUST_04972,44,12,715
CUST_04973,1,0,399
CUST_04974,4,0,207
CUST_04975,35,4,422
CUST_04976,30,11,389
CUST_04977,3,1,365
CUST_04978,34,5,583
CUST_04979,12,12,435
CUST_04980,9,4,920
CUST_04981,43,3,311
CUST_04982,8,4,338
CUST_04983,44,10,146
CUST_04984,40,13,715
CUST_04985,4,1,456
CUST_04986,0,0,860
CUST_04987,4,1,410
CUST_04988,44,2,644
CUST_04989,0,0,281
CUST_04990,15,14,413
CUST_04991,25,14,589
CUST_04992,1,0,25594
CUST_04993,41,9,162
CUST_04994,11,14,842
CUST_04995,46,6,436
CUST_04996,17,11,195
CUST_04997,1,1,627
CUST_04998,4,0,160
CUST_04999,42,5,34410
CUST_05000,1,1,69
